postID,commentId,author,score,postDate,text,URL,flair,neutralScore,posScore,negScore
bifsv5,em1ey67,notJustin43,1,2019-04-29 00:27:13,"I'm not saying life raising or caring for someone with down syndrome is easy, and I'm not saying this is true 100% of the time, but so many of the people I've met with down syndrome represent a distillation of the best elements of humanity.

&amp;#x200B;

I truly consider them a gift, and think they can be great role models for us in many ways.  Imagine the world if we had the inherent care for others that many of them seem to have.",/r/aggies/comments/bifsv5/our_boy/em1ey67/,NaN,0.71,0.29,0.0
bijrx5,em1fwyw,KingRay37,1,2019-04-29 00:44:53,The annex is open 24/7 won't really be comfortable but finals season is coming up so I think you should be able to last two more weeks and make sure to move out when it's all said and done,/r/aggies/comments/bijrx5/anywhere_on_campus_to_sleep_at_night/em1fwyw/,NaN,0.88,0.072,0.048
bikhxa,em1h6ht,Schwiftyyy,1,2019-04-29 01:09:40,"Hello there, I graduated with an English degree from A&amp;M, albeit a few years ago now. 

My honest advice? If you're taking on debt for a college degree, don't major in English. No, there's no stigma at A&amp;M or anything like that, but unless you plan on teaching English, it's just not a good investment of money (even if you're teaching, it's still not great). 

I loved almost every English class I had at A&amp;M, it's nothing against the department. But when I graduated, there just weren't any opportunities in non-saturated fields. I was lucky to be able to fall into being a sysadmin thanks to some summer work I did at A&amp;M.

I don't know you, so I'll stop trying to give you advice. I just...I wish someone had been straight with me when I started getting my degree. So that's all I'm trying to do here. Good luck, no matter what you decide.",/r/aggies/comments/bikhxa/experiences_transferring_from_stem_to_liberal_arts/em1h6ht/,NaN,0.725,0.153,0.122
bifsv5,em1h9ie,rev_usn08,1,2019-04-29 01:11:24,FWIW it's my first time seeing it this weekend.,/r/aggies/comments/bifsv5/our_boy/em1h9ie/,NaN,1.0,0.0,0.0
biivb9,em1htxq,ThatsFreakinBonkers,1,2019-04-29 01:23:11,"Check out CARPOOL! They have really relaxed organizational requirements, and I made some of my best friends from college in it! Also you‚Äôre doing something awesome for the community by providing sober rides home! Also not to mention free food on nights you work",/r/aggies/comments/biivb9/good_orgs_or_clubs_to_join_to_meet_people/em1htxq/,NaN,0.673,0.279,0.048
bikhxa,em1lamg,bigsur0120,1,2019-04-29 02:45:03,"Howdy, 

I was technically in General Studies at the time, but wanted to pursue biology. I hated chemistry, so I transferred to International Studies. I haven‚Äôt looked back since then. All of my classes were great, no regrets. I was also a former officer of Liberal Arts Student Council (not student government, a student organization), so I am pretty familiar with the school since I worked with them in the past advocating for LA students. I will be graduating this semester with plans to attend law school. 

It‚Äôs not that difficult to transfer to a Liberal Arts Major, at least from my experience. You only need a 2.5 GPA and 30+ hours completed or something like that, however, it‚Äôs been a while since I‚Äôve looked at the requirements. If you google transfer requirements for majors at TAMU, you‚Äôll find a PDF explaining it each degree‚Äôs transfers requirements.  You can also check out the TAMU degree catalog online. 

If you plan to get an English degree, you‚Äôre pretty limited to teaching, sales, insurance, consulting, staffing agencies (don‚Äôt ever work at one). 

A lot of people that I know within the liberal arts college in various majors have goals to pursue a graduate degree whether it‚Äôs law or some sort of master‚Äôs program. Some even go into the Peace Corps, Teach for America, Americorps, etc. A few go into intelligence, FBI, police academy, politics. 

I know that the people I personally know or have encountered in Liberal Arts is not fully representative of the entire population, but hopefully that provides a glimpse of post-graduate plans for some people.  The career services website provides data on the types of jobs liberal arts majors gravitate to after graduation. 

I‚Äôm in favor of choosing a degree you‚Äôre reasonably interested in rather than doing something you hate (and also do well in). You have at least till your sophomore year to change your major, just focus on taking your core classes, you‚Äôll figure it out. 

If you have any questions about liberal arts in general &amp; political science (I‚Äôve taken a few classes for my degree), pm me!",/r/aggies/comments/bikhxa/experiences_transferring_from_stem_to_liberal_arts/em1lamg/,NaN,0.833,0.116,0.051
bijrx5,em1nc18,cccccml,1,2019-04-29 03:40:38,"The commons, we wont kick u out",/r/aggies/comments/bijrx5/anywhere_on_campus_to_sleep_at_night/em1nc18/,NaN,1.0,0.0,0.0
bii317,em1ncn8,Captaintinar,1,2019-04-29 03:41:07,Zero Degrees just opened if you‚Äôre interested in their drinks and snacks!,/r/aggies/comments/bii317/any_good_milk_tea_shops_in_c_stat/em1ncn8/,NaN,0.786,0.214,0.0
bijrx5,em1o86y,hmm6363636,1,2019-04-29 04:06:24,My friends dormmate used to go sleep on the couch in the hallway of hobby hall so you could try that,/r/aggies/comments/bijrx5/anywhere_on_campus_to_sleep_at_night/em1o86y/,NaN,0.866,0.134,0.0
bikhxa,em1uarw,eeman0201,1,2019-04-29 06:32:50,English is more useful than poly sci,/r/aggies/comments/bikhxa/experiences_transferring_from_stem_to_liberal_arts/em1uarw/,NaN,0.653,0.347,0.0
bijrx5,em1y7v8,tdobzhansky,1,2019-04-29 07:38:57,"Yeah, there's plenty of places to sleep but none of them are real comfortable and you're not going to get quality sleep. Ask your roommates to stop being inconsiderate fucking shitheads and get yourself some good rest before finals. Your relationship with them is not worth sacrificing your grades.",/r/aggies/comments/bijrx5/anywhere_on_campus_to_sleep_at_night/em1y7v8/,NaN,0.637,0.15,0.212
bikwyk,em21iqz,Bestplay3,1,2019-04-29 08:26:32,"Just a word about this. If you have any student loans, they will send your $1000 towards that, and you will never see it in your bank account. The tracking of this is abysmal and I called and e-mailed multiple times to multiple departments who all said ""We don't have anything to do with that, call this department"" who would then say the same thing. Eventually I just gave up and then I finally saw $1000 come off one of my loans over 6 months later.",/r/aggies/comments/bikwyk/graduating_ags_apply_for_the_1000_tuition_rebate/em21iqz/,NaN,1.0,0.0,0.0
bijrx5,em22de7,JudiSwitch,1,2019-04-29 08:37:50,I have some earplugs I can give you if that'd help.,/r/aggies/comments/bijrx5/anywhere_on_campus_to_sleep_at_night/em22de7/,NaN,0.748,0.252,0.0
bipgg0,em22fzc,_fromaway,1,2019-04-29 08:38:46,"I'll put some feelers out in a bit (still early there), and will shoot you a message if I have any leads.",/r/aggies/comments/bipgg0/longshot_ag_interning_in_santa_clara_ca_need_a/em22fzc/,NaN,0.882,0.0,0.118
bik9bt,em22nsf,Ebola_Soup,1,2019-04-29 08:41:33,"Not an english major, but every non graduate english major I've talked to had to go into teaching or whatever field they could find where the degree wasn't relevant.",/r/aggies/comments/bik9bt/what_have_you_guys_done_with_your_english_degree/em22nsf/,NaN,1.0,0.0,0.0
bipgg0,em22p8f,JudiSwitch,1,2019-04-29 08:42:05,"Thanks, I appreciate it.",/r/aggies/comments/bipgg0/longshot_ag_interning_in_santa_clara_ca_need_a/em22p8f/,NaN,0.152,0.848,0.0
bifsv5,em247cr,sadwife13,1,2019-04-29 09:01:22,üò≠üò≠üò≠üò≠üò≠,/r/aggies/comments/bifsv5/our_boy/em247cr/,NaN,1.0,0.0,0.0
bik9bt,em24hza,althormoon,1,2019-04-29 09:05:07,I have a friend who was an English major. Now she is a technical writer for a software company.,/r/aggies/comments/bik9bt/what_have_you_guys_done_with_your_english_degree/em24hza/,NaN,0.814,0.186,0.0
bikwyk,em24n2d,thebsmoove,1,2019-04-29 09:06:57,"This is a great thing to be aware of for underclassmen, as well. Keep an eye on your total hours to make sure it stays within 3 of your required hours for graduation. 

It takes a few months post-graduation for them to get you the money, but it‚Äôs worth the wait!",/r/aggies/comments/bikwyk/graduating_ags_apply_for_the_1000_tuition_rebate/em24n2d/,NaN,0.84,0.16,0.0
bijwdc,em271ci,rottentomati,1,2019-04-29 09:36:08,There is just some video you watch every week for each of the different majors. The programming aspect is just generally useful to know for engineering. It‚Äôs kinda just gives you a year to research the different majors before you have to pick one. I recommend asking upperclassmen about what they did at their internships and jobs to get an idea of what each job does.,/r/aggies/comments/bijwdc/how_does_engr_102_introduce_you_to_engineering/em271ci/,NaN,0.92,0.08,0.0
bicp8v,em275ns,solidxmike,1,2019-04-29 09:37:33,"This looks like Mykawa road in Houston. 

I lost it when the train went backwards haha",/r/aggies/comments/bicp8v/every_time_i_try_to_get_to_school/em275ns/,NaN,0.606,0.278,0.116
biivb9,em27asf,wittysmartass101,1,2019-04-29 09:39:13,Bonfire,/r/aggies/comments/biivb9/good_orgs_or_clubs_to_join_to_meet_people/em27asf/,NaN,1.0,0.0,0.0
bik9bt,em27id0,Peppermintcheese,1,2019-04-29 09:41:42,I found a job working as an editor at an Instructional Design firm. Now I'm getting my Masters in Education Technology and am taking on more of an Instructional Design role at my job. It worked out great for me BUT I know lots of other English majors that had lots of trouble landing any ~~meaningful~~ well-paid work. Make sure you pick up an internship or two or you're going to have trouble on the outside.,/r/aggies/comments/bik9bt/what_have_you_guys_done_with_your_english_degree/em27id0/,NaN,0.846,0.067,0.087
bikhxa,em27ncv,solidxmike,1,2019-04-29 09:43:21,"I graduated as an EE, and throughout my degree program there were definitely times where I wanted to move out of STEM and major in history. Heck I even aspired to join the PeaceCorps (long term goal hopefully).

I understand how difficult it could be, probably you‚Äôre just burned out? I‚Äôd definitely take a lesser load for one semester and try out general Liberal Art courses as that might help you decide if you ultimately want to leave engineering. 

For me it was ultimately a question of - do I want to leave STEM because the workload is hard? Or do I want to leave because the material doesn‚Äôt spark joy? I‚Äôm not saying this is happening to you, but just a perspective from someone who had this very same question years ago.

Best of luck!! :)",/r/aggies/comments/bikhxa/experiences_transferring_from_stem_to_liberal_arts/em27ncv/,NaN,0.755,0.202,0.043
bipgg0,em290kp,KooksOnly69,1,2019-04-29 09:59:17,I know San Diego has a 'San Diego County A&amp;M Club' Facebook page that people sometimes post in looking for places to stay. Maybe see if they've got anything set up for the San Francisco area? Might be worth a shot.,/r/aggies/comments/bipgg0/longshot_ag_interning_in_santa_clara_ca_need_a/em290kp/,NaN,0.951,0.049,0.0
bi4khp,em29f4d,rottentomati,1,2019-04-29 10:04:04,"And EE, I‚Äôm pretty sure they take everyone.",/r/aggies/comments/bi4khp/etam_average_gpa_and_competitiveness_questions/em29f4d/,NaN,0.522,0.478,0.0
bhshlr,em29mdd,rottentomati,1,2019-04-29 10:06:25,Scam,/r/aggies/comments/bhshlr/is_the_society_for_collegiate_leadership/em29mdd/,NaN,0.0,0.0,1.0
bijrx5,em2ap4s,pitch_noir,1,2019-04-29 10:18:58,"Not gonna lie - I called the cops once on my roommates. 

No regrets.",/r/aggies/comments/bijrx5/anywhere_on_campus_to_sleep_at_night/em2ap4s/,NaN,0.68,0.0,0.32
bidyz6,em2b7yu,cp13377,1,2019-04-29 10:24:57,Tarrant County College is a little bit cheaper than most other community colleges,/r/aggies/comments/bidyz6/engl_210_at_community_college/em2b7yu/,NaN,1.0,0.0,0.0
bhwc0c,em2c2z3,beargrowls,1,2019-04-29 10:34:51,"Check out Holick's website, you have til January 31st, 2020 to get measured for boots and get on a list, though only the Vogels and Caleros are still available. Alternatively you can rent boots or look into buying some second hand.",/r/aggies/comments/bhwc0c/transferring_into_the_corps_this_fall_senior_boots/em2c2z3/,NaN,0.924,0.076,0.0
biivb9,em2dt3m,AgGradd,1,2019-04-29 10:54:11,"I made a throw away so I can be open and honest about organizations. I was in a few bigger, more well known ones, as well as some smaller ones that are no longer around. 

I'll say that almost any organization is going to have cliques, and you either fit in or you don't. All of the organizations that ever told me ""we're like one big family!"" were right. They had people that felt they were better than everyone else, they had people who were manipulative, and they had people who were in it to build a resume instead of fulfill the purpose of the organization. 

If you're looking for friends, stay in smaller, social oriented organizations. Good places to start are major specific ones. The larger organizations with a ""purpose"" or ""mission"" like Fish Camp, CARPOOL, Big Event, and others that aren't coming to mind, are good for awhile, but if you don't play the politics right and end up outside the cliques that control them, they can be downright terrible to be in. This isn't to say they don't have great purposes and the organizations as a whole are good, but many of the members and leaders lack professional attitudes and will make it miserable because they don't like you as a person.",/r/aggies/comments/biivb9/good_orgs_or_clubs_to_join_to_meet_people/em2dt3m/,NaN,0.796,0.119,0.085
bik9bt,em2g6ky,Napervillian,1,2019-04-29 11:20:53,I was an English and Spanish literature double major. Now I am a veterinarian.,/r/aggies/comments/bik9bt/what_have_you_guys_done_with_your_english_degree/em2g6ky/,NaN,1.0,0.0,0.0
bikwyk,em2glc2,powerTROLL9,1,2019-04-29 11:25:27,Sad it doesn't include engineering students who took 5 years to graduate :/,/r/aggies/comments/bikwyk/graduating_ags_apply_for_the_1000_tuition_rebate/em2glc2/,NaN,0.645,0.0,0.355
bifnyp,em2hpgy,tamu_nerd,1,2019-04-29 11:38:09,"https://www.youtube.com/watch?v=jtLajWxWIXE

Reach out to this guy, I bet they can help you.",/r/aggies/comments/bifnyp/iso_drone_footage_from_campus/em2hpgy/,NaN,0.703,0.297,0.0
b5e83r,em2i8s3,krob899,1,2019-04-29 11:44:12,Hey I‚Äôm staying at Z and am also a transfer. Follow me on IG kev.robles,/r/aggies/comments/b5e83r/who_is_living_at_zislander_i_am_transferring_over/em2i8s3/,NaN,1.0,0.0,0.0
birrig,em2j0o2,Kexe119,1,2019-04-29 11:52:52,https://vpfo.tamu.edu/campus-construction-updates/21st-century-class-room-building/,/r/aggies/comments/birrig/what_is_the_new_spherical_cement_building_on/em2j0o2/,NaN,1.0,0.0,0.0
bikwyk,em2ko8p,steadysippin,1,2019-04-29 12:11:39,"No, only business and liberal arts students who graduated in 5 years.",/r/aggies/comments/bikwyk/graduating_ags_apply_for_the_1000_tuition_rebate/em2ko8p/,NaN,0.82,0.0,0.18
bifnyp,em2lo0r,bcsphoto,1,2019-04-29 12:22:44,"Thanks everyone, someone was able to help. The Aggie network is forreal!",/r/aggies/comments/bifnyp/iso_drone_footage_from_campus/em2lo0r/,NaN,0.629,0.371,0.0
bijrx5,em2ltap,GingaNinja98,1,2019-04-29 12:24:24,"If you have a car, I took some of my best naps in the WCG",/r/aggies/comments/bijrx5/anywhere_on_campus_to_sleep_at_night/em2ltap/,NaN,0.741,0.259,0.0
bis74h,em2n2xr,mountain_dreams,1,2019-04-29 12:38:31,"There's a lot here, so I'm going to answer what I can and if I miss anything let me know. 

&gt;What is on the math placement exam, how does it work, and exactly how much math can you test out of?
The MPE is just up to precalculus. It just makes sure that you are ready for Cal 1 according to their standards, you're not actually testing out of anything. If you don't pass, they place you in pre-cal for a semester. 

&gt;Will I have to cram these courses in as well? I‚Äôd hate to not be able to pursue a math major just because I can‚Äôt open enough credit hours to fit in humanities. :(
CE also requires the humanities courses. I'm not sure what you were looking at, but you definitely have to take (or use AP credits on) a certain number of hours on core courses like history, fine arts, etc. Most likely these would work for both majors, so you won't have to take them twice. 

&gt;Finally, how/when do I finalize things? How do I know for sure if I will be able to double major?
Ask your advisors at your NSC. I'm not sure about the math major, but for engineering you will actually have to complete a year of general engineering and then at the end of your freshman year, apply to the specific engineering that you want. A 3.5 GPA will give you an auto admit, anything lower than that depends on the specific major. For CE, I think generally most people who put it as their first choice get it.",/r/aggies/comments/bis74h/mathengineering_double_major_questions/em2n2xr/,NaN,0.839,0.13,0.03
bik9bt,em2n5en,Bigman675,1,2019-04-29 12:39:17,Thank you for your service,/r/aggies/comments/bik9bt/what_have_you_guys_done_with_your_english_degree/em2n5en/,NaN,0.615,0.385,0.0
bis74h,em2n6o8,StableSystem,1,2019-04-29 12:39:40,"Ok so this is a lot of stuff. Just to preface I'm a compE graduating in two weeks so this is all fresh for me. You can get a math minor with just one extra class although for engineering jobs is not very useful. The mpe only gets you out of precalc so you would need to have AP or college credits for all of those other courses you mentioned to get out of them. Maybe you are just a genius but saying you can get out of everything up to linear seems kinda naive, that's a lot of advanced math you are taking about, either way though you are gonna need official transfer credits to skip them. compE is one of the most difficult undergrad degrees at tamu so if you want to double major expect to either have zero free time for the next four years or take extra time to graduate.",/r/aggies/comments/bis74h/mathengineering_double_major_questions/em2n6o8/,NaN,0.849,0.104,0.047
bipgg0,em2pb6i,chew1991,1,2019-04-29 13:03:07,"I would recommend looking into Santa Clara university, SJSU, Stanford and also De Anza college room and subleases. They might have some options there.",/r/aggies/comments/bipgg0/longshot_ag_interning_in_santa_clara_ca_need_a/em2pb6i/,NaN,0.898,0.102,0.0
bis74h,em2ppdm,ThisKarmaLimitSucks,1,2019-04-29 13:07:39,"It's possible to double major in computer engineering and math. I know one guy that did, but he was easily one of the ten smartest people in my graduating class and I think he took an extra semester to do it.

But the long and short of it is, u gonna die.

17 credit hours for ECEN/CEEN is a guaranteed 60 hours minimum of work every week, and realistically it's a max load. You'll probably find yourself wanting to take 13-15 hours a semester if possible for the sake of grades and/or free time, and anything above 17 hours is a no go. Those kind of semesters usually end with a withdrawal from one of the classes.

Getting a minor in math as a CEEN is a layup, as it only takes one extra class on top of your degree requirements, but I would book at least one extra semester for a math major, unless you can just legit go full wunderkind and test out of five classes in the A&amp;M math sequence before you even start your first year. And tbh, I don't even think they *let* you test out of non-freshman classes.",/r/aggies/comments/bis74h/mathengineering_double_major_questions/em2ppdm/,NaN,0.86,0.099,0.041
bisour,em2pzud,allbecca,1,2019-04-29 13:10:58,"also, are there shared kitchens or anything?",/r/aggies/comments/bisour/modular_dorms_questions/em2pzud/,NaN,0.714,0.286,0.0
bisour,em2qhgh,DirkFroyd,1,2019-04-29 13:16:27,"McFadden has glass shower doors, no curtains needed. No shelves inside the bathroom.",/r/aggies/comments/bisour/modular_dorms_questions/em2qhgh/,NaN,0.714,0.0,0.286
bisour,em2r3zf,MechaTriceratops,1,2019-04-29 13:23:29,I lived in the commons and they had these mirrors where they opened and had little shelves on the inside. The showers were a stand up shower had a blurry glass/plastic door so you don‚Äôt need a shower curtain.,/r/aggies/comments/bisour/modular_dorms_questions/em2r3zf/,NaN,0.96,0.0,0.04
birrig,em2raos,BoomerG21,1,2019-04-29 13:25:35,21st century classroom building is supposed to have some really cool lecture rooms in there. I get the feeling it will look hideous in 20 years from now though.,/r/aggies/comments/birrig/what_is_the_new_spherical_cement_building_on/em2raos/,NaN,0.864,0.136,0.0
bhsgmz,em2rdur,AmeliaJH,1,2019-04-29 13:26:34,"There's some good advice in this thread but I'm honestly surprised that nobody has bentooned the free on campus counseling. Set up an appointment and they can help you work through the many facets of the funk. Although studying and chilling may help, dealing with the root of it is important too. Best of luck!",/r/aggies/comments/bhsgmz/is_anyone_else_feeling_off_their_game_lately/em2rdur/,NaN,0.575,0.411,0.015
bisour,em2riuk,Ebola_Soup,1,2019-04-29 13:28:04,No kitchens. Only cooking you can expect to do is whatever you can whip up in your microwave or crockpot.,/r/aggies/comments/bisour/modular_dorms_questions/em2riuk/,NaN,0.896,0.0,0.104
birrig,em2rtes,drizzy111,1,2019-04-29 13:31:15,Thank you!,/r/aggies/comments/birrig/what_is_the_new_spherical_cement_building_on/em2rtes/,NaN,0.264,0.736,0.0
bijrx5,em2stta,gwennoirs,1,2019-04-29 13:41:58,"Any dorm with a lounge inside (I know Hullabaloo and the commons ones do) is viable, provided you can get in. Zachry is definitely a no.",/r/aggies/comments/bijrx5/anywhere_on_campus_to_sleep_at_night/em2stta/,NaN,0.818,0.1,0.082
bis74h,em2tdqk,nick_fly1,1,2019-04-29 13:47:37,"What they said haha. Stick with engineering, there is plenty of math to satisfy you. Unless you have a real reason to add the math major, which doesn‚Äôt really matter that much for most jobs, don‚Äôt waste the time and money. The CE degree will do you good after you graduate.",/r/aggies/comments/bis74h/mathengineering_double_major_questions/em2tdqk/,NaN,0.771,0.176,0.052
b350pp,em2tgqy,CCConn18,1,2019-04-29 13:48:29,"Looking for 3 roommates at Lofts at Wolf Pen! Would prefer people who like to be clean and respectful. Awesome gym and study rooms, a private theater you can sign out whenever, etc. Guys, girls, nonbinary, I don't really care. Great rates!",/r/aggies/comments/b350pp/housing_thread/em2tgqy/,NaN,0.632,0.247,0.121
bis74h,em2tl43,nick_fly1,1,2019-04-29 13:49:45,"That said, if you want to beef up the degree a bit go with that math minor that‚Äôs easy to get.",/r/aggies/comments/bis74h/mathengineering_double_major_questions/em2tl43/,NaN,0.811,0.189,0.0
bisour,em2u8ag,evon1254,1,2019-04-29 13:56:21,Depends on the modular. I know Neeley has one on the first floor.,/r/aggies/comments/bisour/modular_dorms_questions/em2u8ag/,NaN,1.0,0.0,0.0
bii317,em2uq4k,hopefullysavethebees,1,2019-04-29 14:01:34,They recently opened a second Sweet Horse Bubble Tea location inside the HEB on wellborn! One stop shop for both your groceries and boba lol,/r/aggies/comments/bii317/any_good_milk_tea_shops_in_c_stat/em2uq4k/,NaN,0.643,0.286,0.071
bis74h,em2uwhf,kxrider85,1,2019-04-29 14:03:27,"It's a bummer to hear that that the MPE won't help me much.

A remark about the genius thing: I'm really not one. There is a story behind where I am today in terms of math, but in short, if you like to do something, it's really not that big of a deal to spend some extra time doing it, and if you are consistent long enough, you will eventually make progress.

I know it probably sounds naive asf to think I could double major in math. I'm well aware that few people double major at all. I've been clinging to the hope that this was just because people don't try, but I definitely realize now that it may be impossible, which is a bit disheartening tbh.

On a side note: congrats in advance on graduating!",/r/aggies/comments/bis74h/mathengineering_double_major_questions/em2uwhf/,NaN,0.789,0.125,0.086
bis74h,em2v7ci,kxrider85,1,2019-04-29 14:06:31,"Sucks to hear about the MPE. This is where I am getting my course information from:

[CompE/EE](https://catalog.tamu.edu/undergraduate/engineering/electrical-computer/computer-engineering-bs-electrical-engineering-track/#programrequirementstext)

[Mathematics](https://catalog.tamu.edu/undergraduate/science/mathematics/ba/#programrequirementstext)",/r/aggies/comments/bis74h/mathengineering_double_major_questions/em2v7ci/,NaN,0.865,0.0,0.135
bis74h,em2vyo4,StableSystem,1,2019-04-29 14:14:21,"Yeah it's not impossible it's really more of a practicality thing. Realistically you are only going to use one of those two degrees so in practice it's just a lot of extra work for a degree you won't use. I'd encourage you to just do stuff outside school if you are interested (either compE or math, whichever you don't major in). The knowledge is still worth learning, the only difference is you don't have a degree in it. You can even put it on your resume depending how much you self teach, you just can't say you have a degree in it. I was similar with getting a minor/double in mechanical but in the end I just took a couple basic classes to learn the fundamentals and then taught myself more specific stuff on my own through projects and whatnot. I learned enough about aerospace engineering on my own to get a job doing pretty much an aerospace engineers job but using my compE degree as the foundation. 

The degree is what qualifies you to do a job but your knowledge is what gets you the job. Major in what will open the most doors in your field of choice and then self teach yourself the specifics that will make you a good candidate for the job. Join clubs related to whatever field you want to get into, do projects, read textbooks, etc.

Also thanks! It's been a long road but I'm glad to be done.",/r/aggies/comments/bis74h/mathengineering_double_major_questions/em2vyo4/,NaN,0.891,0.102,0.007
bis74h,em2we8c,kxrider85,1,2019-04-29 14:18:56,"Hmm.... I do have a reason, but I am not sure if its a good one.

I really like math. I really like the idea of engineering. Difference: I have done math. I have not done engineering.

I feel compelled to give engineering a chance. It is the go-to career for anyone with ""sciencey"" inclination, and for all I know, it could be my true passion.

Now, I said earlier that I've ""done math."" While I do do a lot of math, I can't say I have done much ""real"" math. Namely, I haven't done too much proof based math outside of linear algebra. There is so much math beyond what I know, I feel like I can't possibly make an informed decision if I haven't at least tried my hand at things like Analysis, Abstract Algebra, or Topology.

Also, I am no genius. There are so many people that are so much better than me at math, part of me feels as if I wouldn't belong in a career in mathematics. If I could major in math in college, I could get a better feel for where I stand, what careers are possible for me (other than teaching), and whether I want to pursue math further.",/r/aggies/comments/bis74h/mathengineering_double_major_questions/em2we8c/,NaN,0.767,0.209,0.025
bis74h,em2ws27,kxrider85,1,2019-04-29 14:22:52,"Happy to hear that one guy has done it, but yea I would probably die with too much of a course load lol.",/r/aggies/comments/bis74h/mathengineering_double_major_questions/em2ws27/,NaN,0.612,0.206,0.182
bis74h,em2yx09,kirbc,1,2019-04-29 14:44:54,"Look at the fine print for University Core Course, that is where all the arts, humanities, etc. is",/r/aggies/comments/bis74h/mathengineering_double_major_questions/em2yx09/,NaN,0.904,0.096,0.0
bis74h,em2zfba,kirbc,1,2019-04-29 14:50:06,"Here is the link from the math department on doing both a minor or a double major of math with engineering. Apparently it only takes 18-24 extra hours to do the double major.
https://www.math.tamu.edu/undergraduate/minor.html

Not sure if you are aware but you do not have to take an AP class in order to take the AP test. I took some AP tests without the class in high school and know this can be done. So if you want that credit for at least some of those math classes you can do it, just make sure to register for the AP tests before its too late.

One other thing you should look into is engineering entry to a major requirements or ETAM. They will require you to take two math, two science, two engineering classes at tamu. However, I got a waiver for the science classes because I had AP credit for the ones on the list. You need to talk to the EASA engineering adviser to get clarification if you will qualify for this after you know which AP tests you will be taking.",/r/aggies/comments/bis74h/mathengineering_double_major_questions/em2zfba/,NaN,0.932,0.047,0.021
bis74h,em3170b,kxrider85,1,2019-04-29 15:08:19,"Oh wow. I can't believe I missed that. Thank you so much!

I am aware that you don't have to take AP classes to take AP tests. I went homeschooled after my sophomore year of high school, so I self-studied Calculus BC and Physics C, but I don't have any such credit for humanities unfortunately, and its far too late to sign up for AP exams, not that I am prepared to pass any I haven't already done.",/r/aggies/comments/bis74h/mathengineering_double_major_questions/em3170b/,NaN,0.816,0.118,0.065
bit84t,em32xq2,TexasPilot,1,2019-04-29 15:26:26,"First, how awesome! What a cool experience, congrats on getting that position! 

Second, check for a London Aggie Club (or similar) on Facebook, or call the Association to see if there‚Äôs one in that area. Maybe they can help you out.",/r/aggies/comments/bit84t/need_a_short_term_reasonable_place_to_live_in/em32xq2/,NaN,0.728,0.272,0.0
bitvsb,em336hf,Aviator07,1,2019-04-29 15:28:58,"If I recall, they had all everyone graduating from our college meet in a reception room somewhere in Reed and they kinda looked us over to make sure everything was right. But it was pretty informal. And of course it doesn't *really* matter.",/r/aggies/comments/bitvsb/does_it_really_matter_to_wear_the_correct_hood_in/em336hf/,NaN,0.853,0.123,0.024
bitvsb,em33ikw,johnny_1064,1,2019-04-29 15:32:28,Have you heard or seen what would happen if anyone wear incorrectly?,/r/aggies/comments/bitvsb/does_it_really_matter_to_wear_the_correct_hood_in/em33ikw/,NaN,1.0,0.0,0.0
bijrx5,em33jzz,gren0ble,1,2019-04-29 15:32:54,"Used to work at the Annex, the night staff makes rounds and wakes up people they see sleeping.",/r/aggies/comments/bijrx5/anywhere_on_campus_to_sleep_at_night/em33jzz/,NaN,1.0,0.0,0.0
bijrx5,em33v0s,KingRay37,1,2019-04-29 15:36:02,I've pulled all nighters there a few times over the last few months if you pick the right spot they don't come often she won't make an effort to wake you,/r/aggies/comments/bijrx5/anywhere_on_campus_to_sleep_at_night/em33v0s/,NaN,1.0,0.0,0.0
bijrx5,em340e5,wchollett,1,2019-04-29 15:37:37,I think there's a quiet area on the second floor to the right as you exit the stair/elevator landing,/r/aggies/comments/bijrx5/anywhere_on_campus_to_sleep_at_night/em340e5/,NaN,1.0,0.0,0.0
bijrx5,em34251,wchollett,1,2019-04-29 15:38:07,"The rec closes at midnight, and they'll definitely have their workers check the premises",/r/aggies/comments/bijrx5/anywhere_on_campus_to_sleep_at_night/em34251/,NaN,0.828,0.172,0.0
bitvsb,em348rx,Aviator07,1,2019-04-29 15:40:01,Not sure. I think it‚Äôs by college. An advisor ought to at least be able to tell you who to ask.,/r/aggies/comments/bitvsb/does_it_really_matter_to_wear_the_correct_hood_in/em348rx/,NaN,0.906,0.0,0.094
bipgg0,em34xv2,Obrien_r,1,2019-04-29 15:47:07,"You may wind up staying in like a CIA safe house based on the way he phrased that, lol",/r/aggies/comments/bipgg0/longshot_ag_interning_in_santa_clara_ca_need_a/em34xv2/,NaN,0.647,0.353,0.0
biud1p,em351io,thataggiegirl,1,2019-04-29 15:48:09,"I would come down here if you can and talk to them in person. Because of their contradictory information I would ask to speak to someone in charge. 
You definitely shouldn‚Äôt give the school a dime without a clear explanation and a plan in place (preferably in writing). You don‚Äôt want to put in a year and find out that the school isn‚Äôt going to meet your expectations.",/r/aggies/comments/biud1p/major_change_problem/em351io/,NaN,0.871,0.06,0.069
biud1p,em363om,AdithyaDaGod,1,2019-04-29 15:59:01,"I would, but I am worried that I won't be able to change majors soon possible due to May 1st coming up tomorrow, and my father being out of town. Will I still be able to get the change made even after the date?",/r/aggies/comments/biud1p/major_change_problem/em363om/,NaN,0.933,0.0,0.067
biud1p,em365pg,leecashion,1,2019-04-29 15:59:36,"University Studies as I understand it is the new name for General Studies.  It is mainly for folks that don't have a declared major or are missing something for their desired major.  It allows you to take whatever you need (assuming you can get in the class) and for things like science, humanities, social studies, math, English, and so on.  Everyone has to take some common classes.  

&amp;#x200B;

When I was at school, I was accepted into GenStu Pre-Engineering because I didn't have enough math.  It worked out because I really didn't want to be a Civil Engineer.  I wasn't as committed as I thought I was.  I do know it works differently now, so definitely make the time to speak to them in person if possible.  You  may even want to speak with the Uni studies people.  Maybe everyone is accepted like this these days.  The Business school used to do something like this, and you had to complete the core classes with a certain GPA to be accepted into the upper classes.",/r/aggies/comments/biud1p/major_change_problem/em365pg/,NaN,0.839,0.121,0.04
biud1p,em366kn,AdithyaDaGod,1,2019-04-29 15:59:51,"I would, but I am worried that I won't be able to change majors soon possible due to May 1st coming up tomorrow, and my father being out of town. Will I still be able to get the change made even after the date?",/r/aggies/comments/biud1p/major_change_problem/em366kn/,NaN,0.933,0.0,0.067
biud1p,em36z0m,AdithyaDaGod,1,2019-04-29 16:08:13,"I think you might be right. The first time I talked to admissions, the lady did say that I did get in, as stated in my acceptance letter, but they have it as uni studies because of the need to take Pre-requisites and core classes. I hope she was right, because other than Viz, I'm just not a big fan of architecture.",/r/aggies/comments/biud1p/major_change_problem/em36z0m/,NaN,0.867,0.094,0.039
birrig,em372rp,Quasi_Una_Fantasia,1,2019-04-29 16:09:19,hopefully it will be used while a hopeful future heldenfels renovation occurs?,/r/aggies/comments/birrig/what_is_the_new_spherical_cement_building_on/em372rp/,NaN,0.6,0.4,0.0
bipgg0,em37giy,yamsi_tryhard,1,2019-04-29 16:13:30,I live near Santa Clara and I have a spare room. DM me,/r/aggies/comments/bipgg0/longshot_ag_interning_in_santa_clara_ca_need_a/em37giy/,NaN,1.0,0.0,0.0
biuvhe,em387r7,StableSystem,1,2019-04-29 16:21:40,Your major has approximately 0% correlation with laptop size. If you have a backpack that fits it and don't matter carrying around a larger computer then it's fine. It's entirely preference,/r/aggies/comments/biuvhe/17inch_for_engineering/em387r7/,NaN,0.904,0.06,0.036
b350pp,em388zm,aggiezzyzxfan,1,2019-04-29 16:22:01,Howdy! Looking for someone to sublease my place during the summer. I live at Northpoint with two other roommates who are really nice. You would only be paying about $575 for the months of June and July. Private message me if you want more information,/r/aggies/comments/b350pp/housing_thread/em388zm/,NaN,0.9,0.1,0.0
bii317,em38ami,ProfessionalPlastik,1,2019-04-29 16:22:30,Thanks! Also I like your username,/r/aggies/comments/bii317/any_good_milk_tea_shops_in_c_stat/em38ami/,NaN,0.345,0.655,0.0
biuvhe,em38eop,eeman0201,1,2019-04-29 16:23:43,"I know major has no correlation, I was just wondering if a 17 inch would be too big for the type of classes I would be taking",/r/aggies/comments/biuvhe/17inch_for_engineering/em38eop/,NaN,0.909,0.0,0.091
birrig,em38fjd,Top_Hat_Tomato,1,2019-04-29 16:23:58,I personally don't think it could look much worse than the decaying brutalist architecture we have around campus.,/r/aggies/comments/birrig/what_is_the_new_spherical_cement_building_on/em38fjd/,NaN,0.721,0.0,0.279
bis74h,em38wz5,mountain_dreams,1,2019-04-29 16:29:04,"Yeah so where it says University Core Curriculum in CompE degree plan, that's all the core classes like history and fine arts and whatnot. If you click on that link, it should give you more information. It's about 20 or so hours in total.",/r/aggies/comments/bis74h/mathengineering_double_major_questions/em38wz5/,NaN,0.863,0.137,0.0
biuvhe,em38ztm,co-dean,1,2019-04-29 16:29:55,bro what lmao,/r/aggies/comments/biuvhe/17inch_for_engineering/em38ztm/,NaN,0.339,0.661,0.0
biuv8j,em39142,224gal224,1,2019-04-29 16:30:18,UT A&amp;M rideshare page on Facebook,/r/aggies/comments/biuv8j/rideshare_tofrom_austin/em39142/,NaN,1.0,0.0,0.0
biuvhe,em392ff,eeman0201,1,2019-04-29 16:30:44,Yeah I guess I did just contradict myself,/r/aggies/comments/biuvhe/17inch_for_engineering/em392ff/,NaN,0.471,0.259,0.271
biuvhe,em392q9,MechaTriceratops,1,2019-04-29 16:30:50,I got a 17.5 in and I feel like it‚Äôs too small lol. It‚Äôs all about preference and convenience. There‚Äôs no such thing as a screen being too big or small for a class unless it makes you uncomfortable,/r/aggies/comments/biuvhe/17inch_for_engineering/em392q9/,NaN,0.748,0.132,0.12
biuvhe,em393qw,Thisissparta747,1,2019-04-29 16:31:08,"No.

Size doesn't matter - remember that.  If you're cool carrying around a 17"" laptop then it's fine.  Nobody is gonna judge you for having the biggest one in the room.",/r/aggies/comments/biuvhe/17inch_for_engineering/em393qw/,NaN,0.772,0.127,0.101
biuvhe,em3961s,Quasi_Una_Fantasia,1,2019-04-29 16:31:47,"17-inches is definitely big enough, especially for the ladies.",/r/aggies/comments/biuvhe/17inch_for_engineering/em3961s/,NaN,0.748,0.252,0.0
biuvhe,em396c5,skinnyypenis,1,2019-04-29 16:31:52,wait a minute... you might be on to something. I have a 13 inch laptop and I have to grind at my classes..,/r/aggies/comments/biuvhe/17inch_for_engineering/em396c5/,NaN,1.0,0.0,0.0
bisour,em39ys5,Sesese9,1,2019-04-29 16:40:25,Most mods have community kitchens. Don't know whatcha talking about.,/r/aggies/comments/bisour/modular_dorms_questions/em39ys5/,NaN,1.0,0.0,0.0
bijwdc,em3ad6b,Thisissparta747,1,2019-04-29 16:44:50,"Ok I'll give you my take on 102 - I took it last semester.

I had no programming experience going into the class and in fact hated the idea of even trying to learn to code, so I was kinda pissed when I learned that my whole first semester was gonna be coding.

However, after we started working on the assignments, I found out that it was really just a problem solving class.  They teach us all these Python commands and tell us to write a program to do X.

Imagine it sort of like putting together a puzzle with a bunch of different pieces, where there are multiple ways to finish it.  If you are good at thinking laterally this class won't be particularly difficult.

&amp;#x200B;

As for experimenting with other types of engineering, other users have answered that pretty much completely.

&amp;#x200B;

If it ever gets difficult: stackoverflow.com is your friend

If it's ever too easy and boring: use your coding knowledge to make something fun",/r/aggies/comments/bijwdc/how_does_engr_102_introduce_you_to_engineering/em3ad6b/,NaN,0.769,0.146,0.085
bisour,em3ah7z,IcyCavalier,1,2019-04-29 16:46:05,"No shower curtain - it has a glass door. There‚Äôs also two closets in the hallway right by the bathrooms, so I used mine as a bathroom closet. You can put a over the door pocket holder on the bathroom door and there‚Äôs a seat and a shelf in the actual shower!",/r/aggies/comments/bisour/modular_dorms_questions/em3ah7z/,NaN,0.946,0.0,0.054
biuvhe,em3amy1,brokenfuton,1,2019-04-29 16:47:52,"Just make sure you‚Äôve got a backpack big enough to fit it. And if it‚Äôs heavy make sure you two-strap it so you don‚Äôt fuck up your shoulders. It can be annoying to have to lug it around everywhere across campus, but you‚Äôll figure out what works best for you.",/r/aggies/comments/biuvhe/17inch_for_engineering/em3amy1/,NaN,0.74,0.187,0.073
biuvhe,em3apyr,eeman0201,1,2019-04-29 16:48:51,I sense innuendo...,/r/aggies/comments/biuvhe/17inch_for_engineering/em3apyr/,NaN,1.0,0.0,0.0
bitvsb,em3asv1,jimbouse,1,2019-04-29 16:49:43,"I would spend the $40 or ask around.
You would stick out like a sore thumb amongst a sea of your peers.",/r/aggies/comments/bitvsb/does_it_really_matter_to_wear_the_correct_hood_in/em3asv1/,NaN,0.773,0.114,0.114
biuv8j,em3bat9,ww2scientist64,1,2019-04-29 16:55:19,Zimride,/r/aggies/comments/biuv8j/rideshare_tofrom_austin/em3bat9/,NaN,1.0,0.0,0.0
biuvhe,em3bfmh,burgerrking,1,2019-04-29 16:56:50,"You‚Äôre engineering, you won‚Äôt be using it",/r/aggies/comments/biuvhe/17inch_for_engineering/em3bfmh/,NaN,1.0,0.0,0.0
biuvhe,em3c3e8,eeman0201,1,2019-04-29 17:04:13,Que? So they recommend us a bunch of 15 inch laptops for nothing?,/r/aggies/comments/biuvhe/17inch_for_engineering/em3c3e8/,NaN,0.778,0.222,0.0
biuvhe,em3c6ko,burgerrking,1,2019-04-29 17:05:11,"Never mind bad joke lol, you will use a laptop",/r/aggies/comments/biuvhe/17inch_for_engineering/em3c6ko/,NaN,0.443,0.417,0.139
biuvhe,em3ca8g,eeman0201,1,2019-04-29 17:06:18,Don‚Äôt worry I am not good at getting jokes,/r/aggies/comments/biuvhe/17inch_for_engineering/em3ca8g/,NaN,0.406,0.163,0.431
bisour,em3d5jj,mayhemandmilk,1,2019-04-29 17:15:57,"Mcfadden has one but neither microwave works
Stove, oven, fridge, and waffle press though",/r/aggies/comments/bisour/modular_dorms_questions/em3d5jj/,NaN,1.0,0.0,0.0
birrig,em3d8av,BoomerG21,1,2019-04-29 17:16:48,Oh trust me that‚Äôs where my concern comes from. Half of campus should be demolished. Biological services west should be near the top of the list. Rudder tower is terrible too.,/r/aggies/comments/birrig/what_is_the_new_spherical_cement_building_on/em3d8av/,NaN,0.773,0.141,0.086
bivmkk,em3dzvc,chalklings,1,2019-04-29 17:25:21,By me dinner,/r/aggies/comments/bivmkk/blowing_dining_dollars/em3dzvc/,NaN,1.0,0.0,0.0
bivmkk,em3e39f,calling_out_stpdty,1,2019-04-29 17:26:26,What you want,/r/aggies/comments/bivmkk/blowing_dining_dollars/em3e39f/,NaN,0.606,0.394,0.0
bivmkk,em3ei8p,chalklings,1,2019-04-29 17:30:55,Oh I was just kidding but I bet other people want something!,/r/aggies/comments/bivmkk/blowing_dining_dollars/em3ei8p/,NaN,0.731,0.269,0.0
bivmkk,em3f0ow,shrimp0808,1,2019-04-29 17:36:33,aggie express at hullabaloo bro,/r/aggies/comments/bivmkk/blowing_dining_dollars/em3f0ow/,NaN,1.0,0.0,0.0
bivmkk,em3f2rn,TheFlamingLemon,1,2019-04-29 17:37:11,Dining dollars don‚Äôt expire do they?,/r/aggies/comments/bivmkk/blowing_dining_dollars/em3f2rn/,NaN,1.0,0.0,0.0
bis74h,em3fgyb,misskim451,1,2019-04-29 17:41:41,Comsci math double major here. It's not really worth it and doesn't help you at all. Just stick with one engineering major.,/r/aggies/comments/bis74h/mathengineering_double_major_questions/em3fgyb/,NaN,0.828,0.0,0.172
biud1p,em3fhfr,DoctorBoson,1,2019-04-29 17:41:51,"I'm in the Viz program. If at all possible, come in person and talk to Jill Raupe (the program coordinator for Viz) with your acceptance letter. There's a good chance she'll be able to help you work things out‚Äîalmost the same thing happened with me.",/r/aggies/comments/biud1p/major_change_problem/em3fhfr/,NaN,0.791,0.209,0.0
bijwdc,em3fmlh,Elephante12_,1,2019-04-29 17:43:29,"Current freshman. ENGR 102 is basically an intro to Python class. There‚Äôs a module every week that goes over an engineering major, but other than that you‚Äôll just be doing Python labs.",/r/aggies/comments/bijwdc/how_does_engr_102_introduce_you_to_engineering/em3fmlh/,NaN,1.0,0.0,0.0
bivmkk,em3fvzr,Kdva21,1,2019-04-29 17:46:28,"They don‚Äôt expire between the fall semester and spring semester, but they do expire year to year",/r/aggies/comments/bivmkk/blowing_dining_dollars/em3fvzr/,NaN,1.0,0.0,0.0
bivmkk,em3fw0w,2shy2flutter,1,2019-04-29 17:46:28,"I think that after the spring semester they do. (Extra dining dollars from the fall can carry over into the spring, but the opposite is not true.)",/r/aggies/comments/bivmkk/blowing_dining_dollars/em3fw0w/,NaN,1.0,0.0,0.0
bijrx5,em3guva,paranoka,1,2019-04-29 17:57:15,"blue couches on the first floor - walk in and walk all the way to the back, past the OAL computers",/r/aggies/comments/bijrx5/anywhere_on_campus_to_sleep_at_night/em3guva/,NaN,1.0,0.0,0.0
bii317,em3h3f5,paranoka,1,2019-04-29 17:59:54,"BonAppeTea, Kung Fu Tea, ShareTea, Sweet Horse, and Zero Degrees are all options! There were none when I first started school here three years ago and now there's five different places, which is pretty crazy",/r/aggies/comments/bii317/any_good_milk_tea_shops_in_c_stat/em3h3f5/,NaN,0.688,0.142,0.17
bivmkk,em3iazv,RobloxGOTY,1,2019-04-29 18:14:06,You could buy me smash burger,/r/aggies/comments/bivmkk/blowing_dining_dollars/em3iazv/,NaN,1.0,0.0,0.0
bivmkk,em3jtk8,humblebroseph,1,2019-04-29 18:31:53,"If you‚Äôre into working out then buy  a tub of protein powder or other supplements at the rec. last year I had enough to restock all of my protein, preworkout, and creatine.",/r/aggies/comments/bivmkk/blowing_dining_dollars/em3jtk8/,NaN,0.96,0.04,0.0
biuv8j,em3ka7e,bengetsthegameback,1,2019-04-29 18:37:34,Thank you!,/r/aggies/comments/biuv8j/rideshare_tofrom_austin/em3ka7e/,NaN,0.264,0.736,0.0
biuvhe,em3knim,Ov3r_Kill_Br0ny,1,2019-04-29 18:41:59,"I been using the same 15 inch, 5lb laptop for the past four years and I honestly with I could have spent the extra money to buy something smaller and lighter. It's good to lug around for a workout, but a pain when you're sprinting to class because you're late.",/r/aggies/comments/biuvhe/17inch_for_engineering/em3knim/,NaN,0.833,0.078,0.088
bivmkk,em3kyzi,MechaTriceratops,1,2019-04-29 18:45:44,They sell longboards and penny boards in some of the Aggie expresses,/r/aggies/comments/bivmkk/blowing_dining_dollars/em3kyzi/,NaN,1.0,0.0,0.0
biud1p,em3kzer,AdithyaDaGod,1,2019-04-29 18:45:53,Sure. Can I do that after the May 1st deadline tho? My father is out of town so it is impossible to go to A&amp;M tomorrow.,/r/aggies/comments/biud1p/major_change_problem/em3kzer/,NaN,0.913,0.087,0.0
biud1p,em3l6fs,DoctorBoson,1,2019-04-29 18:48:13,I believe when I had the same issue she helped me resolve it after the deadline. Send her an email today and explain the situation; admissions won't be able to help you *quite* as much as the actual architecture faculty.,/r/aggies/comments/biud1p/major_change_problem/em3l6fs/,NaN,0.872,0.128,0.0
biuvhe,em3lmoy,Prandals,1,2019-04-29 18:53:39,Lol hey I found you again mr. highschool senior. I'm 15 inches and it gets the job done.,/r/aggies/comments/biuvhe/17inch_for_engineering/em3lmoy/,NaN,0.851,0.149,0.0
biuvhe,em3lp7c,Prandals,1,2019-04-29 18:54:30,Size doesn't matter; it's about how you use it.,/r/aggies/comments/biuvhe/17inch_for_engineering/em3lp7c/,NaN,0.882,0.0,0.118
bivafm,em3mmpz,MechaTech,1,2019-04-29 19:05:45,"You might be able to find some at the Farm Patch on College Ave, and if they don't have them, I bet they know someone who might.",/r/aggies/comments/bivafm/where_can_i_get_green_peanuts_in_the_bryancollege/em3mmpz/,NaN,1.0,0.0,0.0
biw2vg,em3mpe4,Captainbuttram,1,2019-04-29 19:06:37,I can do that,/r/aggies/comments/biw2vg/selling_bitcoin_for_cash/em3mpe4/,NaN,1.0,0.0,0.0
biuvhe,em3mtxl,rottentomati,1,2019-04-29 19:08:10,It totally depends on weight. My 15‚Äù MSI was a pain in the ass to carry around so I got a Surface Pro (12‚Äù) and kept the MSI at home. I‚Äôd say stay under 4.5 lbs or it‚Äôs not gunna be fun carrying that everyday. Also make sure it fits in a backpack.,/r/aggies/comments/biuvhe/17inch_for_engineering/em3mtxl/,NaN,0.792,0.04,0.167
biw2vg,em3mzwh,1Throwaway10111,1,2019-04-29 19:10:12,Sent you a PM,/r/aggies/comments/biw2vg/selling_bitcoin_for_cash/em3mzwh/,NaN,1.0,0.0,0.0
bis74h,em3n2us,rottentomati,1,2019-04-29 19:11:11,"Computer engineering and Electrical Engineering are pretty much math classes. You‚Äôll get you‚Äôre full of math and a math minor if you do either. I‚Äôd think you‚Äôd probably enjoy EE more of you love math, especially signal processing. Das alot-a math.",/r/aggies/comments/bis74h/mathengineering_double_major_questions/em3n2us/,NaN,0.773,0.227,0.0
bivmkk,em3n2v8,Top_Hat_Tomato,1,2019-04-29 19:11:11,"The market across from white creek takes dining $. You can buy ice cream, frozen food, canned soda, candy, all that stuff.",/r/aggies/comments/bivmkk/blowing_dining_dollars/em3n2v8/,NaN,1.0,0.0,0.0
bijrx5,em3n6w6,strongguess-t,1,2019-04-29 19:12:32,Most halls have couches. Sneak into one and you can get yourself a quiet good nights sleep.,/r/aggies/comments/bijrx5/anywhere_on_campus_to_sleep_at_night/em3n6w6/,NaN,0.838,0.162,0.0
biud1p,em3nfpt,ciaomioamico,1,2019-04-29 19:15:34,"They have university studies degrees for a lot of different types of specializations. 
I‚Äôm almost finished with my first year here and I haven‚Äôt had any problems with the registrars office, so I‚Äôm thinking that your case is just some random mistake. Don‚Äôt let this damage your opinion of the school. You‚Äôll love Aggieland! 
You could put in your major change now just to make sure you meet the May 1st deadline. It should be processed pretty quickly. In fact, I changed my major like a month after I was admitted and it didn‚Äôt take any time at all to go through. In the mean time, make sure you email an advisor in the visualization department, and schedule a time to meet with them. You can change your major as much as you‚Äôd like later on. The only time you have to start getting worried about not being able to change your major is when you hit 60 hours. Most departments won‚Äôt let you transfer in if you have too many credits. Other than that, you‚Äôre totally fine!",/r/aggies/comments/biud1p/major_change_problem/em3nfpt/,NaN,0.821,0.122,0.057
biuvhe,em3nhki,eeman0201,1,2019-04-29 19:16:14,Thanks for the help!,/r/aggies/comments/biuvhe/17inch_for_engineering/em3nhki/,NaN,0.253,0.747,0.0
bikhxa,em3nvnq,Prandals,1,2019-04-29 19:21:03,this ain't it Chief,/r/aggies/comments/bikhxa/experiences_transferring_from_stem_to_liberal_arts/em3nvnq/,NaN,1.0,0.0,0.0
bis74h,em3o0bw,jackfaker,1,2019-04-29 19:22:38,"I cant give you more relevant advice than someone actually in comp engr or math, but keep in mind that if you choose to just do comp engr you can still do research with the math department and continue your studies on your own time. The university provides a diploma signifying you know how to learn and a structured schedule to help motivate you. If you can provide the motivation yourself, learn from textbooks/online resources, and demonstrate ability through research you are not closing the door on a career in math just because you choose to not major in it.",/r/aggies/comments/bis74h/mathengineering_double_major_questions/em3o0bw/,NaN,0.876,0.124,0.0
biw2vg,em3o7q7,1Throwaway10111,1,2019-04-29 19:25:05,Still looking for sellers!,/r/aggies/comments/biw2vg/selling_bitcoin_for_cash/em3o7q7/,NaN,1.0,0.0,0.0
biud1p,em3oa7y,AdithyaDaGod,1,2019-04-29 19:25:53,I have sent her an email. Hope she fixes the issue so I can finally do Viz stuff in peace.,/r/aggies/comments/biud1p/major_change_problem/em3oa7y/,NaN,0.714,0.286,0.0
biud1p,em3oixa,AdithyaDaGod,1,2019-04-29 19:28:41,"So even in worse case scenario, my major change will be done for sure as long as I put in now? That's great. I don't want to do the change later on because then I would be competing with others and then its a matter of chance, which I don't want to risk. I have emailed the department, and I'm hoping the issue will get resolved soon.",/r/aggies/comments/biud1p/major_change_problem/em3oixa/,NaN,0.702,0.218,0.08
biud1p,em3pc69,DoctorBoson,1,2019-04-29 19:38:04,"Hopefully. Though, ‚ÄúViz‚Äù and ‚Äúpeace‚Äù aren‚Äôt words that go well together those first couple semesters. You‚Äôll see what I mean soon enough.",/r/aggies/comments/biud1p/major_change_problem/em3pc69/,NaN,0.798,0.202,0.0
bivkju,em3pluw,gumby8848,1,2019-04-29 19:41:11,Why compare Texas A&amp;M with University of Tennessee?,/r/aggies/comments/bivkju/looking_for_aggie_nursing_students_to_interview/em3pluw/,NaN,1.0,0.0,0.0
bivmkk,em3pm6l,MyOtherActGotBanned,1,2019-04-29 19:41:18,Buy me panda,/r/aggies/comments/bivmkk/blowing_dining_dollars/em3pm6l/,NaN,1.0,0.0,0.0
bivkju,em3qia2,sanedrac24,1,2019-04-29 19:51:30,UT Austin!,/r/aggies/comments/bivkju/looking_for_aggie_nursing_students_to_interview/em3qia2/,NaN,1.0,0.0,0.0
bivkju,em3qnym,sdfdsfsdfsdfdsfsdaw,1,2019-04-29 19:53:18,Why compare Texas A&amp;M with University of Tennessee Austin!?,/r/aggies/comments/bivkju/looking_for_aggie_nursing_students_to_interview/em3qnym/,NaN,1.0,0.0,0.0
bisour,em3qwwt,Komotokrill,1,2019-04-29 19:56:09,"Also in McFadden. Pro Tip: bring a dowel or a rod or something for your toilet paper holder. It is the kind that holds them from the sides, but it‚Äôs too wide for any roll I‚Äôve used. Bring something to go between the two ends that way your TP can actually roll",/r/aggies/comments/bisour/modular_dorms_questions/em3qwwt/,NaN,0.957,0.043,0.0
bisour,em3qydv,Komotokrill,1,2019-04-29 19:56:38,"They also took all of the utensils, thats a thing too",/r/aggies/comments/bisour/modular_dorms_questions/em3qydv/,NaN,1.0,0.0,0.0
bivmkk,em3r4qg,Komotokrill,1,2019-04-29 19:58:43,Holy shit what? How much?,/r/aggies/comments/bivmkk/blowing_dining_dollars/em3r4qg/,NaN,0.503,0.0,0.497
bipgg0,em3r52j,kaffytx,1,2019-04-29 19:58:49,"I can confirm there is one, it's San Francisco Bay Area aggie group and you can find the group on Facebook!",/r/aggies/comments/bipgg0/longshot_ag_interning_in_santa_clara_ca_need_a/em3r52j/,NaN,1.0,0.0,0.0
bivkju,em3r5zv,sanedrac24,1,2019-04-29 19:59:07,Its for an english research paper...,/r/aggies/comments/bivkju/looking_for_aggie_nursing_students_to_interview/em3r5zv/,NaN,1.0,0.0,0.0
birrig,em3rl0l,StableSystem,1,2019-04-29 20:03:50,My friends and I have determined it is to be a gladiator arena. If you are failing a class you can go on there and whoever survives will be rewarded with passing. Similar to the decapodian tradition of claw-plach.,/r/aggies/comments/birrig/what_is_the_new_spherical_cement_building_on/em3rl0l/,NaN,0.727,0.198,0.075
bivmkk,em3sd8n,calling_out_stpdty,1,2019-04-29 20:12:56,Which ones?,/r/aggies/comments/bivmkk/blowing_dining_dollars/em3sd8n/,NaN,1.0,0.0,0.0
bivmkk,em3sk9i,MechaTriceratops,1,2019-04-29 20:15:12,I don't remember exactly but they were like $150-200 if I remember correctly.,/r/aggies/comments/bivmkk/blowing_dining_dollars/em3sk9i/,NaN,0.755,0.245,0.0
bivmkk,em3slv9,MechaTriceratops,1,2019-04-29 20:15:42,I saw them in the aggie express in the commons last year but they might not be selling them there anymore.,/r/aggies/comments/bivmkk/blowing_dining_dollars/em3slv9/,NaN,1.0,0.0,0.0
biud1p,em3slw3,ciaomioamico,1,2019-04-29 20:15:42,Exactly! There's only a few majors (like the ENGR ones) that wouldn't let you make the switch now. Just put it now during the major change grace period! But still make sure you speak to an official and get it resolved. Best of luck and Gig 'Em!,/r/aggies/comments/biud1p/major_change_problem/em3slw3/,NaN,0.734,0.266,0.0
b350pp,em3su3m,TAMU69,1,2019-04-29 20:18:16,Looking to sublease for the summer (May-August)! Male senior at A&amp;M.,/r/aggies/comments/b350pp/housing_thread/em3su3m/,NaN,1.0,0.0,0.0
bin15u,em3svek,wchollett,1,2019-04-29 20:18:40,"I have a friend who was in an international student society that provided stoles matching their countries' flags.

So I bet that you could get by with it. If they ask, explain that it's because you're an international student. I don't think they'll care enough to make you take it off",/r/aggies/comments/bin15u/question_about_graduation_attire/em3svek/,NaN,0.885,0.063,0.052
bipgg0,em3sw0k,patmorgan235,1,2019-04-29 20:18:52,"
... That wouldn't be too crazy. Their's an insane amount of ag's in the national security agencies.",/r/aggies/comments/bipgg0/longshot_ag_interning_in_santa_clara_ca_need_a/em3sw0k/,NaN,0.662,0.21,0.128
bit84t,em3t37j,patmorgan235,1,2019-04-29 20:21:19,"Aggie life hack: always check the local A&amp;M club, you never know what/who you'll find.",/r/aggies/comments/bit84t/need_a_short_term_reasonable_place_to_live_in/em3t37j/,NaN,1.0,0.0,0.0
bit84t,em3tlp9,truth_beauty_freedom,1,2019-04-29 20:27:22,What‚Äôs the internship? Sounds awesome already,/r/aggies/comments/bit84t/need_a_short_term_reasonable_place_to_live_in/em3tlp9/,NaN,0.549,0.451,0.0
bivkju,em3tm0i,patmorgan235,1,2019-04-29 20:27:27,He's pulling you leg,/r/aggies/comments/bivkju/looking_for_aggie_nursing_students_to_interview/em3tm0i/,NaN,1.0,0.0,0.0
bicp8v,em3ua5r,patmorgan235,1,2019-04-29 20:35:18,TWICE,/r/aggies/comments/bicp8v/every_time_i_try_to_get_to_school/em3ua5r/,NaN,1.0,0.0,0.0
biud1p,em3uien,AdithyaDaGod,1,2019-04-29 20:37:55,"Where do I put my major change request. When checked online, it says the howdy portal, but I can't seem to find the place to submit it.",/r/aggies/comments/biud1p/major_change_problem/em3uien/,NaN,1.0,0.0,0.0
bidyz6,em3uoyh,truth_beauty_freedom,1,2019-04-29 20:39:57,Lone star,/r/aggies/comments/bidyz6/engl_210_at_community_college/em3uoyh/,NaN,0.323,0.0,0.677
bi78um,em3vfr3,truth_beauty_freedom,1,2019-04-29 20:48:36,"I‚Äôm sorry about that. Was this science course posted on their website and/or admissions website as a requirement for admissions into the major? 

You should reapply again.",/r/aggies/comments/bi78um/just_got_denied_for_tamu_college_station/em3vfr3/,NaN,0.951,0.0,0.049
bi36gf,em3vke3,truth_beauty_freedom,1,2019-04-29 20:50:09,The majority of sexual assaults on campus have happened at white creek. Thanks that how you will.,/r/aggies/comments/bi36gf/white_creek_or_offcampus_apartments/em3vke3/,NaN,0.701,0.136,0.164
bi5w18,em3x1xw,patmorgan235,1,2019-04-29 21:08:13,"&gt;I might be sounding pessimistic, but I believe there's a law in Texas where public schools have to admit a minimum of 90% of the class from in-state.

You are incorrect. Public Texas Universities are required to admit students who graduate in the 10% of a Texas public high school. What you probably refuring to is the cap on Top 10% applicates at UT Austin, they are only required to admit Top 10 students up 75% of incoming class, after that UT's admissions dept has descretion.",/r/aggies/comments/bi5w18/what_are_my_chances/em3x1xw/,NaN,0.856,0.124,0.02
bivmkk,em3xx8q,Sparkygal87,1,2019-04-29 21:19:00,Buy some t shirts,/r/aggies/comments/bivmkk/blowing_dining_dollars/em3xx8q/,NaN,1.0,0.0,0.0
bi5w18,em3y7h4,PattyRagRag,1,2019-04-29 21:22:22,"I'm not referring to the top 10% tule seeing that OP is an out of state resident. Perhaps the law I'm talking about only applies to medical schools, but they were always in the context of ""public schools"".",/r/aggies/comments/bi5w18/what_are_my_chances/em3y7h4/,NaN,0.964,0.036,0.0
bi78um,em3yfrz,patmorgan235,1,2019-04-29 21:25:10,Yeah I'm kinda confused on this if OP has the course in progress and a stellar GPA and meets all the other requirements Idk why their app got rejected unless they didn't send a transcript with the in progess course in it.,/r/aggies/comments/bi78um/just_got_denied_for_tamu_college_station/em3yfrz/,NaN,0.749,0.107,0.144
bi78um,em3ylet,truth_beauty_freedom,1,2019-04-29 21:27:05,Exactly. If it‚Äôs missing a class it isn‚Äôt a full application. OP if you can prove your currently in the class you MAY be able to contact the department to see if they will relook at your app.,/r/aggies/comments/bi78um/just_got_denied_for_tamu_college_station/em3ylet/,NaN,0.941,0.0,0.059
bivmkk,em41z2c,calling_out_stpdty,1,2019-04-29 22:10:04,Where?,/r/aggies/comments/bivmkk/blowing_dining_dollars/em41z2c/,NaN,1.0,0.0,0.0
biud1p,em43406,TAMUCSCE,1,2019-04-29 22:26:24,"University studies is a degree granting major.  It's based around two minors and some required coursework.  It is different from the Visualization major.

Seems to me that you should both file the admissions appeal and also contact Ms. Raupe.

Don't panic but also don't let it slide.  Deadlines are not likely to be an issue right now.",/r/aggies/comments/biud1p/major_change_problem/em43406/,NaN,0.939,0.061,0.0
biud1p,em437c9,moresaltythanexpect,1,2019-04-29 22:27:45,"So I‚Äôm not totally sure about this so don‚Äôt take my word for it. But, TAMU is doing this new university studies program thing that they just started this semester, Spring 2019. If you‚Äôre in uni studies, that means you didn‚Äôt get accepted to your first choice major due to gpa/unfulfilled course credits; HOWEVER, once the gpa/pre requisites are fulfilled, you can speak with your academic advisor (this would be done at the end of your first semester) and they will automatically transfer you to the major you applied to initially after final grades post. So keep track of your desired major‚Äôs requirements and call/email an academic advisor from ur department (they‚Äôll be able to help the most. the registrar won‚Äôt help at all).",/r/aggies/comments/biud1p/major_change_problem/em437c9/,NaN,0.873,0.111,0.016
biud1p,em43he3,Obrien_r,1,2019-04-29 22:31:48,"As long as you meet the requirements for the major you want to change into (usually a GPA requirement and sometimes prerequisite classes) you can change majors at pretty much any given point. Also yes, University Studies has lots of administrative problems in my opinion.",/r/aggies/comments/biud1p/major_change_problem/em43he3/,NaN,0.802,0.144,0.054
biud1p,em43pon,TAMUCSCE,1,2019-04-29 22:35:08,I'd suggest calling admissions tomorrow and asking them for more detailed instructions.,/r/aggies/comments/biud1p/major_change_problem/em43pon/,NaN,1.0,0.0,0.0
bivmkk,em43sz9,Sparkygal87,1,2019-04-29 22:36:32,Aggie Express?  Don't they have all kinds of things there?,/r/aggies/comments/bivmkk/blowing_dining_dollars/em43sz9/,NaN,1.0,0.0,0.0
bdzp25,em43xtw,voguehousedownboots,1,2019-04-29 22:38:35,Awesome! What do you have to do to be able to see this stuff? And where at cushing is it located?,/r/aggies/comments/bdzp25/needle_sword_in_game_of_thrones_at_cushings/em43xtw/,NaN,0.808,0.192,0.0
bis74h,em459jq,kxrider85,1,2019-04-29 23:00:03,Why did you decide to double major? I really have no expectation that this will help me get any internships or jobs outside of math. I'm just doing it because I really enjoy math. Is the workload too much? What was it like for you?,/r/aggies/comments/bis74h/mathengineering_double_major_questions/em459jq/,NaN,0.769,0.182,0.049
bis74h,em45dbh,kxrider85,1,2019-04-29 23:01:46,"&gt; The university provides a diploma signifying you know how to learn and a structured schedule to help motivate you. 

Interesting.... What is this called exactly and how can I find more information about it?",/r/aggies/comments/bis74h/mathengineering_double_major_questions/em45dbh/,NaN,0.85,0.15,0.0
bis74h,em45y59,misskim451,1,2019-04-29 23:11:28,"Don't get me wrong math is my absolute passion and I'm still going to stay in both because I'll still graduate in time. I was originally a math major and then added computer science to my degree plan because it would help me in grad school (I want to get an MS CS which uses a lot of advanced math.) But higher level math is no joke and I wouldn't want any other engineering student to go through my coursework because making time for a social life, extra curriculars, and trying to maintain a decent GPA is overwhelming for me personally. I wouldn't wish it on anybody.

I think that the time you spend on higher level math courses can be used to network or on extra curriculars. There's no need to rush or test out of classes. Make friends that are your class year. You only go through college once (usually) and you're going to regret spending all your time studying then getting out there.",/r/aggies/comments/bis74h/mathengineering_double_major_questions/em45y59/,NaN,0.841,0.105,0.054
bivmkk,em46ds2,local_anesthetic,1,2019-04-29 23:18:46,Buy scantrons at Aggie Express and coffee beans at Starbucks,/r/aggies/comments/bivmkk/blowing_dining_dollars/em46ds2/,NaN,1.0,0.0,0.0
birrig,em485ew,DubioTheDubious,1,2019-04-29 23:49:26,It's a 360 degree classroom with seats surrounding the sides and a speaker in the middle. Kinda like the Senate in the Star Wars prequels,/r/aggies/comments/birrig/what_is_the_new_spherical_cement_building_on/em485ew/,NaN,0.783,0.082,0.134
bizddf,em49fco,Texyboi,1,2019-04-30 00:13:12,"It was only $1k when I was a freshman and A&amp;M didn‚Äôt give me jack! If you do super well in class and write great essays you should be able to get it, but A&amp;M seems to be quite selective with scholarships, especially the tuition waiver scholarships. Good luck!",/r/aggies/comments/bizddf/how_hard_is_it_to_get_4k_instate_tuition_waiver/em49fco/,NaN,0.737,0.263,0.0
birrig,em49gy3,JPBlaze1301,1,2019-04-30 00:14:03,That sounds dumb. Why are we spending money on this. Unless theres research saying it improves learning somehow.,/r/aggies/comments/birrig/what_is_the_new_spherical_cement_building_on/em49gy3/,NaN,0.724,0.127,0.149
bivkju,em49s4t,JPBlaze1301,1,2019-04-30 00:20:10,Its t.u. around these parts,/r/aggies/comments/bivkju/looking_for_aggie_nursing_students_to_interview/em49s4t/,NaN,1.0,0.0,0.0
