PostID,CommentId,Author,Score,PublishDate,Text,URL,Flair,Neutral_score,Pos_score,Neg_score
t3_bhv343,elxa3jo,shuxue,1,2019-04-27 12:38:14,"Highly recommend a bike. Biking is quicker than walking or taking the bus, you never need to wait around for your bike, and it goes where ever
you go. I consider it a must have for me personally.",/r/UIUC/comments/bhv343/will_i_regret_bringing_a_bike_to_campus/elxa3jo/,NaN,0.924,0.076,0.0
t3_bhtga3,elxa6m2,kappast,1,2019-04-27 12:39:18,"i think its hilarious u kids talking shit about westbrook. u wouldnt say this shit to him on the court, hes jacked. not only that but he wears the freshest clothes, eats at the chillest restaurants and hangs out with the hottest dudes. yall are pathetic lol",/r/UIUC/comments/bhtga3/i_found_the_person_that_has_been_throwing_brick/elxa6m2/,NaN,0.72,0.102,0.178
t3_b53xm4,elxam0e,luke-duke-95,1,2019-04-27 12:44:43,"Rising Sophomore

STAT 400 (Uma Ravat)

MATH 415

ECON 203

ECON 302 (Dilanni)

CS 105 (Harris)

KIN 104

Schedule doable?

Good instructors?

Workload?",/r/UIUC/comments/b53xm4/fall_2019_schedule_megathread/elxam0e/,NaN,0.865,0.135,0.0
t3_bhnz2c,elxb5gc,Evilcow867,1,2019-04-27 12:51:33,Take it online here during the semester. It's legit the easiest class I've ever taken and I know essentially no Spanish.,/r/UIUC/comments/bhnz2c/spanish_3_course/elxb5gc/,NaN,0.783,0.122,0.096
t3_bhz4e2,elxbdhv,glaba314,1,2019-04-27 12:54:22,do you play viola?,/r/UIUC/comments/bhz4e2/summer_music_options/elxbdhv/,NaN,0.556,0.444,0.0
t3_bhulo5,elxbmhd,chemgod44,1,2019-04-27 12:57:30,I knew by the title this would give me aids but I went for it anyway smh,/r/UIUC/comments/bhulo5/fuck_chapagn_gaign/elxbmhd/,NaN,0.826,0.0,0.174
t3_bi1nri,elxbzzd,Cerasii,1,2019-04-27 13:02:09,https://docs.google.com/document/d/1I3m7pD5KF7PMVpDGkcrZe4HRyxIao3gzUrKCBac3Gxs/edit,/r/UIUC/comments/bi1nri/mcb_advanced_courses/elxbzzd/,NaN,1.0,0.0,0.0
t3_bi1nri,elxc13d,chemgod44,1,2019-04-27 13:02:32,Thank you!,/r/UIUC/comments/bi1nri/mcb_advanced_courses/elxc13d/,NaN,0.264,0.736,0.0
t3_bhz4e2,elxc5so,greentreefrog8,1,2019-04-27 13:04:10,Are you looking for a violist?,/r/UIUC/comments/bhz4e2/summer_music_options/elxc5so/,NaN,1.0,0.0,0.0
t3_bhbvb9,elxccm2,LetsGoCubbies,1,2019-04-27 13:06:29,"Ah Champaign and vermilion county, home of micro thugs and mini gangsters.",/r/UIUC/comments/bhbvb9/champaign_gangs_be_like/elxccm2/,NaN,0.902,0.098,0.0
t3_bhz4e2,elxcg20,glaba314,1,2019-04-27 13:07:40,"yeah, not for the summer, but for next fall",/r/UIUC/comments/bhz4e2/summer_music_options/elxcg20/,NaN,0.833,0.167,0.0
t3_bi0dwl,elxd2uu,Mcpaddyquack,1,2019-04-27 13:15:44,Ran my first half marathon with a 2:16:59 finish. Feels good :),/r/UIUC/comments/bi0dwl/congratulations_to_all_the_runners_from_todays/elxd2uu/,NaN,0.604,0.396,0.0
t3_bhtozv,elxe5tc,illinifan2222,1,2019-04-27 13:29:16,Lmao get bent kid. Go fucking chill out.,/r/UIUC/comments/bhtozv/unpopular_opinion_fuck_the_illinois_marathon/elxe5tc/,NaN,0.642,0.358,0.0
t3_bhv5gp,elxf07k,ra3xgambit,1,2019-04-27 13:40:01,Never said I hated it.,/r/UIUC/comments/bhv5gp/how_are_you_guys_planning_to_pregame_the_lil/elxf07k/,NaN,0.471,0.529,0.0
t3_bhv5gp,elxfggy,SUN-BAT-HER,1,2019-04-27 13:45:41,"That‚Äôs true if you‚Äôre completely incapable of understanding context, tone, and implication.",/r/UIUC/comments/bhv5gp/how_are_you_guys_planning_to_pregame_the_lil/elxfggy/,NaN,0.637,0.178,0.184
t3_bi08wk,elxfleg,odpsue,1,2019-04-27 13:47:27,"&gt; $1000

You must be joking.

&gt; from May 5-July 28

That's not three months.",/r/UIUC/comments/bi08wk/1000_sublease_for_3_months_utilities_included/elxfleg/,NaN,0.881,0.119,0.0
t3_bhv5gp,elxfvtj,lurkerboi132,1,2019-04-27 13:51:11,"Wow! u/SUN-BAT-HER commented in this thread and was not the one to suggest lion. I‚Äôm surprised

Have fun at Lion tho",/r/UIUC/comments/bhv5gp/how_are_you_guys_planning_to_pregame_the_lil/elxfvtj/,NaN,0.66,0.34,0.0
t3_bi1uzr,elxfw8w,grape_juice11,1,2019-04-27 13:51:21,Dude just stop,/r/UIUC/comments/bi1uzr/found_this_in_my_closet_the_day_i_moved_in_my/elxfw8w/,NaN,0.476,0.0,0.524
t3_bb0kwk,elxfxvy,justlookingtobuyassc,1,2019-04-27 13:51:58,Oh thanks! So basically for people that want to get a degree from both Accounting and Finance it is easier to obtain now?,/r/UIUC/comments/bb0kwk/uiuc_double_majordual_major_or_idk_questions/elxfxvy/,NaN,0.723,0.277,0.0
t3_bi1uzr,elxg2x1,theillini19,1,2019-04-27 13:53:46,For a second I thought you found the 22 Illini in your closet,/r/UIUC/comments/bi1uzr/found_this_in_my_closet_the_day_i_moved_in_my/elxg2x1/,NaN,1.0,0.0,0.0
t3_bhulo5,elxg3yz,JustAFratBoy,1,2019-04-27 13:54:08,haha eBic dude!!! Engineers rise up!,/r/UIUC/comments/bhulo5/fuck_chapagn_gaign/elxg3yz/,NaN,0.545,0.455,0.0
t3_bhv2gv,elxg8g0,mashsm,1,2019-04-27 13:55:40,How many ‚Äúothers‚Äù are out there that students and employees are unaware of and working with each day? Where‚Äôs their protection from creeps like this? How long was he allowed to stay after this was reported again?üò°,/r/UIUC/comments/bhv2gv/petry_to_retire_ui_professor_under_investigation/elxg8g0/,NaN,0.879,0.076,0.045
t3_bhv5gp,elxgj2j,SUN-BAT-HER,1,2019-04-27 13:59:24,Very good post,/r/UIUC/comments/bhv5gp/how_are_you_guys_planning_to_pregame_the_lil/elxgj2j/,NaN,0.385,0.615,0.0
t3_bhv5gp,elxgjr8,SUN-BAT-HER,1,2019-04-27 13:59:38,My job was already covered,/r/UIUC/comments/bhv5gp/how_are_you_guys_planning_to_pregame_the_lil/elxgjr8/,NaN,1.0,0.0,0.0
t3_bi0dwl,elxhllf,DreadPirateRoberts98,1,2019-04-27 14:12:43,"I definitely did, but I wasn‚Äôt even close to winning",/r/UIUC/comments/bi0dwl/congratulations_to_all_the_runners_from_todays/elxhllf/,NaN,0.482,0.518,0.0
t3_befuxq,elxhs9s,shedeeed,1,2019-04-27 14:15:05,It gives me invalid captcha pictures :/,/r/UIUC/comments/befuxq/introducing_a_new_textsheetlitanswers_alternative/elxhs9s/,NaN,0.714,0.0,0.286
t3_bi08wk,elxhv9c,TypicalChallenge,1,2019-04-27 14:16:10,a little less than 3 months but I'm not joking soo if ur serious then comment otherwise take ur business elsewhere :),/r/UIUC/comments/bi08wk/1000_sublease_for_3_months_utilities_included/elxhv9c/,NaN,0.695,0.164,0.141
t3_bhv5gp,elxi3ws,ra3xgambit,1,2019-04-27 14:19:12,It‚Äôs true if you know what words mean.,/r/UIUC/comments/bhv5gp/how_are_you_guys_planning_to_pregame_the_lil/elxi3ws/,NaN,0.714,0.286,0.0
t3_bi2dua,elxi9ki,theillini19,1,2019-04-27 14:21:04,I'm a senior by credit hours,/r/UIUC/comments/bi2dua/shower_thought_if_someone_on_reddit_says_theyre/elxi9ki/,NaN,0.606,0.394,0.0
t3_bhq0a1,elxiao4,goldeneag,1,2019-04-27 14:21:26,I wish I thought of this before I graduated. Would've 100% taken the initiative to make it a thing!,/r/UIUC/comments/bhq0a1/college_of_mediarso_collaborating_with_other/elxiao4/,NaN,0.824,0.176,0.0
t3_bi0dwl,elxk5md,icecoolsushobhan,1,2019-04-27 14:44:32,Congratulations! I ran my first 10K and also finished well. The weather was pretty good (at least for the 10K).,/r/UIUC/comments/bi0dwl/congratulations_to_all_the_runners_from_todays/elxk5md/,NaN,0.548,0.452,0.0
t3_bhx79d,elxkizi,The-Wise-Banana,1,2019-04-27 14:49:12,"I chose Biomechanics. It‚Äôs a real overly new field with lots of potential research and growth in the coming years. Plus, the classes you have to take for it are relatively easy.",/r/UIUC/comments/bhx79d/eng_mechanics_students_what_secondary_field_did/elxkizi/,NaN,0.836,0.164,0.0
t3_bhv5gp,elxlnl7,jimgilmore2016,1,2019-04-27 15:03:14,Stop being a negative Nancy and let us enjoy our favorite seafaring rapper,/r/UIUC/comments/bhv5gp/how_are_you_guys_planning_to_pregame_the_lil/elxlnl7/,NaN,0.398,0.308,0.294
t3_bhq7yq,elxmgjo,starry_2019,1,2019-04-27 15:13:12,"I tried the shortest path to get a Riolu with Vaccum Wave, but it returned that I should breed a Riolu with a Kartana. I don't think Kartana's can breed...",/r/UIUC/comments/bhq7yq/uiuc_students_findvisualize_the_shortest_path_to/elxmgjo/,NaN,1.0,0.0,0.0
t3_bhtga3,elxmsdx,lurkerboi132,1,2019-04-27 15:17:21,Is that a Jake and Amir reference lol?,/r/UIUC/comments/bhtga3/i_found_the_person_that_has_been_throwing_brick/elxmsdx/,NaN,0.682,0.318,0.0
t3_bi0dwl,elxna2u,Motorvision,1,2019-04-27 15:23:44,My legs are shot,/r/UIUC/comments/bi0dwl/congratulations_to_all_the_runners_from_todays/elxna2u/,NaN,1.0,0.0,0.0
t3_bi1uzr,elxne87,blake1120,1,2019-04-27 15:25:13,The new mascot is a brick?,/r/UIUC/comments/bi1uzr/found_this_in_my_closet_the_day_i_moved_in_my/elxne87/,NaN,1.0,0.0,0.0
t3_bi1uzr,elxo1s8,JustAFratBoy,1,2019-04-27 15:33:36,haha if you saw my post that was inside me a couple days ago,/r/UIUC/comments/bi1uzr/found_this_in_my_closet_the_day_i_moved_in_my/elxo1s8/,NaN,0.8,0.2,0.0
t3_bhv5gp,elxoech,spond550,1,2019-04-27 15:37:57,"im pregaming by protesting, I'll be chanting, 

*If you care about the crops tell yachty ""STOP!*""

the protest will be for the awareness that if he plays ""cold like Minnesota"" he can potentially ruin our crop yields by making it colder in champaign urbana 

If he does it a lot of the local corn economy will be busted and there will be no corn festival this year.",/r/UIUC/comments/bhv5gp/how_are_you_guys_planning_to_pregame_the_lil/elxoech/,NaN,0.711,0.155,0.135
t3_bi3bmf,elxolaf,MrIllini,1,2019-04-27 15:40:20,If you have so many concerns and feel so entitled than simply don't come here.,/r/UIUC/comments/bi3bmf/prospective_transfer_student_from_ca_cc_here_how/elxolaf/,NaN,0.836,0.164,0.0
t3_bi34v0,elxomce,MrIllini,1,2019-04-27 15:40:43,sure!,/r/UIUC/comments/bi34v0/rhet_233_project_survey/elxomce/,NaN,0.0,1.0,0.0
t3_bhv2gv,elxoq7a,skitzzxo,1,2019-04-27 15:42:03,I didn‚Äôt sign an NDA,/r/UIUC/comments/bhv2gv/petry_to_retire_ui_professor_under_investigation/elxoq7a/,NaN,1.0,0.0,0.0
t3_bhv2gv,elxos9k,skitzzxo,1,2019-04-27 15:42:46,I reported and opened the investigation in late September 2018,/r/UIUC/comments/bhv2gv/petry_to_retire_ui_professor_under_investigation/elxos9k/,NaN,1.0,0.0,0.0
t3_bhv2gv,elxowg0,skitzzxo,1,2019-04-27 15:44:15,"‚ÄúI feel strongly that, should the investigation of these allegations have continued, the University would have concluded that I did not violate the policies in question. Nonetheless, the process of confronting these allegations has taken its toll on my family and me‚Äù ........ so disgusting",/r/UIUC/comments/bhv2gv/petry_to_retire_ui_professor_under_investigation/elxowg0/,NaN,0.789,0.093,0.118
t3_bi30ut,elxp5pe,notopoli,1,2019-04-27 15:47:32,"Try looking up companion animals club, maybe.",/r/UIUC/comments/bi30ut/are_there_any_rsos_where_you_can_play_with/elxp5pe/,NaN,1.0,0.0,0.0
t3_bi3bmf,elxphzk,Inkwriter2,1,2019-04-27 15:51:55,"Ah, sorry if my post came off that way. I'm genuinely interested in the school (esp since the major is pretty unique) and I'd just like to hear what current students think.",/r/UIUC/comments/bi3bmf/prospective_transfer_student_from_ca_cc_here_how/elxphzk/,NaN,0.743,0.223,0.034
t3_bi1uzr,elxpoqm,quickreleasefob,1,2019-04-27 15:54:11,Username checks out,/r/UIUC/comments/bi1uzr/found_this_in_my_closet_the_day_i_moved_in_my/elxpoqm/,NaN,1.0,0.0,0.0
t3_bhtozv,elxq0c2,anarchonobody,1,2019-04-27 15:58:09,"Lmao, ""get bent""... really dating yourself there pops",/r/UIUC/comments/bhtozv/unpopular_opinion_fuck_the_illinois_marathon/elxq0c2/,NaN,0.642,0.358,0.0
t3_bhtozv,elxq9ud,anarchonobody,1,2019-04-27 16:01:27,On a track? In an arena? On an open field? Around the top floor of a building? In the middle of the desert? On streets right outside the city? The alternatives are endless,/r/UIUC/comments/bhtozv/unpopular_opinion_fuck_the_illinois_marathon/elxq9ud/,NaN,0.916,0.084,0.0
t3_bhtozv,elxqi4u,dogemaster00,1,2019-04-27 16:04:17,"Good luck running a marathon event with hundreds of runners, volunteers, etc in the middle of a cornfield. There are a lot of logistics involved, and being in a city helps. Also, it is easier for spectators to go and cheer on people they know (vs being forced to drive to the middle of nowhere).",/r/UIUC/comments/bhtozv/unpopular_opinion_fuck_the_illinois_marathon/elxqi4u/,NaN,0.719,0.233,0.048
t3_bi3bmf,elxqkx1,cartesiancausain,1,2019-04-27 16:05:13,"How bout u do some research one your own.

Also just cus one guy in a school of 45k people commited some sort of sexual misdemeanor(which isn't even that bad tbh, most of the people I talked to agree this is being blown out of proportion), doesnt mean that we are all going around raping eachother or some shit.

 FUcking libtard degenerate",/r/UIUC/comments/bi3bmf/prospective_transfer_student_from_ca_cc_here_how/elxqkx1/,NaN,0.8,0.078,0.122
t3_bfr1ps,elxqplz,Ace1207,1,2019-04-27 16:06:50,"ahaha im was in the same position! I have signed up for purdue housing cuz they dont ask for any money atm. Also, the Purdue housing contract states that if you will not be attending the university, you can cancel housing. Dont know when they will release the decisions but judginig from previous years its within these next two months so fingers crossed and hopefully we both get into UIUC haha.",/r/UIUC/comments/bfr1ps/does_anyone_know_when_waitlist_decisions_are/elxqplz/,NaN,0.878,0.103,0.02
t3_bi3p2l,elxrkwf,[deleted],1,2019-04-27 16:17:40,[removed],/r/UIUC/comments/bi3p2l/just_got_accepted_to_cs_ling_as_a_transfer_any/elxrkwf/,NaN,1.0,0.0,0.0
t3_bi1uzr,elxrl0o,Viklove,1,2019-04-27 16:17:42,Block I,/r/UIUC/comments/bi1uzr/found_this_in_my_closet_the_day_i_moved_in_my/elxrl0o/,NaN,0.0,0.0,1.0
t3_bhv0pu,elxrmye,businessasusual0235,1,2019-04-27 16:18:23,The university told him he would be fired but could resign on his own first.  It wraps thing up nicely for the university.  Less chance of being sued.  They can claim they didn't know anything about what he did.  Yet they don't take much of a stand for inappropriate behavior except for required training sessions for all employees.,/r/UIUC/comments/bhv0pu/ui_professor_under_investigation_says_hell_leave/elxrmye/,NaN,0.824,0.092,0.084
t3_bhv2gv,elxs2yu,AlmostGrad100,1,2019-04-27 16:23:58,"I have some questions:

1. You expressed a desire for minimum involvement after reporting Petry to the police, and to not want your name to be attached to this saga. With the attention your Reddit post garnered, and the publicity it generated, have you been able to achieve this?

1. Do you know how many other victims have come forward to the police (or contacted you)? Do you know how long this has been going on? I am surprised he has been able to keep doing this for so long, with so many women. Did the others not complain, or were their complaints not taken seriously by the police/university? Makes me wonder if there are other women being similarly harassed by other professors, or if Petry one of a kind. If the former, I hope this can serve as a UIUC-level #MeToo catalyst, and encourage other women to come forward.

I think you are incredibly brave for first reporting him, and then posting on Reddit when the university tried to hush this up. I hope your desire for privacy is respected and this story doesn't define you - I hope you can move on and have a good future, and leave this unfortunate experience behind you when you graduate.",/r/UIUC/comments/bhv2gv/petry_to_retire_ui_professor_under_investigation/elxs2yu/,NaN,0.777,0.161,0.063
t3_bi0dwl,elxs9nr,gusofk,1,2019-04-27 16:26:14,Thanks for cheering us all on!,/r/UIUC/comments/bi0dwl/congratulations_to_all_the_runners_from_todays/elxs9nr/,NaN,0.381,0.619,0.0
t3_bhv2gv,elxshrq,A_For_Anarchy,1,2019-04-27 16:28:55,and the university actually claims to care about its students safety and well-being.... so sad,/r/UIUC/comments/bhv2gv/petry_to_retire_ui_professor_under_investigation/elxshrq/,NaN,0.546,0.273,0.181
t3_bhap38,elxsn93,A_For_Anarchy,1,2019-04-27 16:30:48,my bad i didn't see that someone had already posted,/r/UIUC/comments/bhap38/university_listing_joe_petrys_job/elxsn93/,NaN,0.696,0.0,0.304
t3_bhv5gp,elxt5od,ra3xgambit,1,2019-04-27 16:37:10,I‚Äôve never made an attempt to discourage or prevent anyone from doing so. Do your thing.,/r/UIUC/comments/bhv5gp/how_are_you_guys_planning_to_pregame_the_lil/elxt5od/,NaN,0.782,0.061,0.156
t3_bi0dwl,elxte45,icecoolsushobhan,1,2019-04-27 16:40:07,"Thanks especially to that little kid with the serious dance moves along the 10K route. 

Also the sign that made me LOL - ""Getting up early to make this sign was hard too"" (or something like that)",/r/UIUC/comments/bi0dwl/congratulations_to_all_the_runners_from_todays/elxte45/,NaN,0.727,0.21,0.063
t3_bf7xx2,elxtksh,sfauycskyou,1,2019-04-27 16:42:28,Don‚Äôt stay at Lincoln Lodge lol,/r/UIUC/comments/bf7xx2/does_anyone_know_of_any_reasonably_priced_hotels/elxtksh/,NaN,0.641,0.359,0.0
t3_bhv2gv,elxtyhx,AlmostGrad100,1,2019-04-27 16:47:21,"Why was he then put on administrative leave in the middle of this semester, instead of immediately? Also, I saw this [Study Abroad trip with Petry to South America](https://twitter.com/UGEconUIUC/status/1040994866048770050) advertised by the Economics department on Twitter - I wonder if the winter 2018 trip went ahead as planned. He probably used those trips too for his sexual escapades, given how bold he was in his advances on campus.",/r/UIUC/comments/bhv2gv/petry_to_retire_ui_professor_under_investigation/elxtyhx/,NaN,0.943,0.039,0.018
t3_bi3p2l,elxuha4,Sleepylinguist,1,2019-04-27 16:54:07,"CS + Ling people don't have the super hard/in depth ling classes, you'll be fine.",/r/UIUC/comments/bi3p2l/just_got_accepted_to_cs_ling_as_a_transfer_any/elxuha4/,NaN,0.708,0.106,0.186
t3_bi08wk,elxv99l,lollapaloozauiuc,1,2019-04-27 17:03:58,You'd be lucky to get $500,/r/UIUC/comments/bi08wk/1000_sublease_for_3_months_utilities_included/elxv99l/,NaN,0.641,0.359,0.0
t3_bh5hqd,elxvfcw,lollapaloozauiuc,1,2019-04-27 17:06:00,"99.9% of people never ""discovered and build something that changed the world"" and out of those that do I would be a very small percentage would attribute doing so to having taken harder classes in college.",/r/UIUC/comments/bh5hqd/to_all_of_you_that_are_choosing_classes_for_the/elxvfcw/,NaN,1.0,0.0,0.0
t3_bhwgyz,elxvfwo,yo_yo_homieg,1,2019-04-27 17:06:12,Drop it a bunch of times on concrete.,/r/UIUC/comments/bhwgyz/iclicker_for_sale_40_obo/elxvfwo/,NaN,0.741,0.0,0.259
t3_bi1c0d,elxw3ii,IlliniGuy2,1,2019-04-27 17:14:25,Is that even legal for them to have a ‚Äúbedroom‚Äù with no windows and call it a bedroom? Usual fire code requires more than one method of egress.,/r/UIUC/comments/bi1c0d/summer_2019_sublet_3br_2_bath/elxw3ii/,NaN,0.79,0.052,0.158
t3_bhtozv,elxwlmp,anarchonobody,1,2019-04-27 17:20:43,"Again, none of that concerns me. The spectators can eat a dick, too",/r/UIUC/comments/bhtozv/unpopular_opinion_fuck_the_illinois_marathon/elxwlmp/,NaN,0.769,0.0,0.231
t3_bi3p2l,elxwoaf,freshofftheboaty,1,2019-04-27 17:21:36,You are in CS @ Illinois,/r/UIUC/comments/bi3p2l/just_got_accepted_to_cs_ling_as_a_transfer_any/elxwoaf/,NaN,1.0,0.0,0.0
t3_bbi94j,elxxahe,battlefront1387,1,2019-04-27 17:29:08,Shit like this is why women shouldn't be in college,/r/UIUC/comments/bbi94j/best_thing_ive_heard_on_campus_as_an_mcb_major/elxxahe/,NaN,0.567,0.177,0.255
t3_bi30ut,elxxb9e,actual-trash,1,2019-04-27 17:29:25,"The only RSOs that I can think of (that are not a super huge time commitment) are Teachers 4 Creatures and 4 Paws for Ability. 

Otherwise, your best bet would be volunteering at the Champaign County Humane Society. 

If you have questions about any of them, I‚Äôd be happy to go into more detail!",/r/UIUC/comments/bi30ut/are_there_any_rsos_where_you_can_play_with/elxxb9e/,NaN,0.724,0.192,0.084
t3_bhv343,elxxg3z,MrIllini,1,2019-04-27 17:31:10,Yes you will.... Just use Veoride!,/r/UIUC/comments/bhv343/will_i_regret_bringing_a_bike_to_campus/elxxg3z/,NaN,0.626,0.374,0.0
t3_bi0dwl,elxyht1,saladforkmcgee,1,2019-04-27 17:44:20,my legs are spegetti,/r/UIUC/comments/bi0dwl/congratulations_to_all_the_runners_from_todays/elxyht1/,NaN,1.0,0.0,0.0
t3_bi0dwl,elxyii0,saladforkmcgee,1,2019-04-27 17:44:35,my legs are speghetti,/r/UIUC/comments/bi0dwl/congratulations_to_all_the_runners_from_todays/elxyii0/,NaN,1.0,0.0,0.0
t3_bhtozv,elxyq5h,dogemaster00,1,2019-04-27 17:47:20,K,/r/UIUC/comments/bhtozv/unpopular_opinion_fuck_the_illinois_marathon/elxyq5h/,NaN,0.0,0.0,0.0
t3_bhz9bw,elxyyyg,flingleforp,1,2019-04-27 17:50:32,Isn't this true at basically any given time,/r/UIUC/comments/bhz9bw/is_there_someone_screaming_near_lion_the_past_hour/elxyyyg/,NaN,0.75,0.0,0.25
t3_bi4mxe,elxz047,4511Seg,1,2019-04-27 17:50:57,no,/r/UIUC/comments/bi4mxe/is_anyone_else_more_hyped_for_attack_on_titan_s3/elxz047/,NaN,0.0,0.0,1.0
t3_bhtp8r,elxz3lp,paulrulez742,1,2019-04-27 17:52:13,"I think that you're me. Last semester was my first here with 251 being my first and only experience in the CBTF. It's a great facility but absolutely inadequate for fundamental understanding assessment of a class as computationally dependent as 251 is.    


  
I am a bad test taker, and will always use the whole period and end up making some bone-head mistake for half a letter grade. In that aspect, the CBTF was an incredibly bad experience for me. Three problems, most multiple parts and all or nothing methods are ineffectual. Of every quiz and it's retake, I think i passed 1, and ended the semester with a CBTF average of 40%. After the first in-class test which I scored a 95% on, I sat down with the Professor for 2 hours and discussed this very issue.   


  
Long story short... for at least the TAM series, there needs to be some sort of feedback or partial credit (beyond the built-in decreasing value scheme). How frustrating it is to submit an answer that took 15 minutes to find and have it just marked wrong; later to find out that you had the magnitude right but sign wrong, or didn't see that they wanted an answer in Pa and you entered it in MPa etc.",/r/UIUC/comments/bhtp8r/what_makes_a_good_cbtf_exam/elxz3lp/,NaN,0.811,0.049,0.139
t3_bi4mxe,elxz7em,krogreddit,1,2019-04-27 17:53:35,"I‚Äôm decently excited although AOT, isn‚Äôt my favorite tbh",/r/UIUC/comments/bi4mxe/is_anyone_else_more_hyped_for_attack_on_titan_s3/elxz7em/,NaN,0.565,0.435,0.0
t3_b53xm4,elxzol4,paulrulez742,1,2019-04-27 17:59:26,"CEE 300 is easy, but a HUGE time sink. Weekly lab reports are very tedious and exhausting. Plan to dedicate 15-20 hr on the reports. The lab is a partnered lab so if you have a study buddy or know someone well or know their work ethic, try and take the same section. Having a bad partner in this one could be brutal.   


&amp;#x200B;

We turned in some 40+ page behemoths, and ended the semester with an 88% average on lab grades.",/r/UIUC/comments/b53xm4/fall_2019_schedule_megathread/elxzol4/,NaN,0.76,0.091,0.148
t3_b53xm4,elxzs2l,paulrulez742,1,2019-04-27 18:00:41,"CEE 380

&amp;#x200B;

CEE 406

&amp;#x200B;

CEE 460

&amp;#x200B;

TAM 335

&amp;#x200B;

GEOL 118

  
Words of warning/advice appreciated.",/r/UIUC/comments/b53xm4/fall_2019_schedule_megathread/elxzs2l/,NaN,0.837,0.163,0.0
t3_bhvc5a,elxzy2z,HeddaHopper,1,2019-04-27 18:02:51,TIGER DON'T YOU EVER DO THAT AGAIN DO YOU HEAR ME FOR CRYING OUT LOUD YOU HAD US ALL WORRIED,/r/UIUC/comments/bhvc5a/tiger_has_been_found/elxzy2z/,NaN,0.773,0.0,0.227
t3_bi0dwl,ely00uh,JLou98,1,2019-04-27 18:03:52,I like how at the end you had to walk up stairs to get to the food :))),/r/UIUC/comments/bi0dwl/congratulations_to_all_the_runners_from_todays/ely00uh/,NaN,0.865,0.135,0.0
t3_bi0dwl,ely044f,icecoolsushobhan,1,2019-04-27 18:05:03,That was so painful üò¢,/r/UIUC/comments/bi0dwl/congratulations_to_all_the_runners_from_todays/ely044f/,NaN,0.445,0.0,0.555
t3_bfr1ps,ely0htr,howardv11,1,2019-04-27 18:09:59,nice! What major r u?,/r/UIUC/comments/bfr1ps/does_anyone_know_when_waitlist_decisions_are/ely0htr/,NaN,0.492,0.508,0.0
t3_bhwgyz,ely11ry,UIUCFreshSoph,1,2019-04-27 18:17:08,Lmao the university sells used I clickers for 35,/r/UIUC/comments/bhwgyz/iclicker_for_sale_40_obo/ely11ry/,NaN,0.642,0.358,0.0
t3_bhwgyz,ely139k,UIUCFreshSoph,1,2019-04-27 18:17:40,One of my biggest mistakes here was probably buying one of those when I could have gotten it for 20 dollars cheaper.,/r/UIUC/comments/bhwgyz/iclicker_for_sale_40_obo/ely139k/,NaN,0.889,0.0,0.111
t3_bhwgyz,ely1osl,iClickerSales,1,2019-04-27 18:25:16,I‚Äôll be Dwight and those princess dolls in the beginning of next semester when they run out of iclickers.,/r/UIUC/comments/bhwgyz/iclicker_for_sale_40_obo/ely1osl/,NaN,1.0,0.0,0.0
t3_b53xm4,ely2hma,kyomun,1,2019-04-27 18:35:43,"Senior, CS + LING:

* CS 374 

* EALC 398 

* ANTH 246 

* ASTR 100",/r/UIUC/comments/b53xm4/fall_2019_schedule_megathread/ely2hma/,NaN,1.0,0.0,0.0
t3_bhwgyz,ely2hxh,Tautline,1,2019-04-27 18:35:50,They have never run out of iClickers lol,/r/UIUC/comments/bhwgyz/iclicker_for_sale_40_obo/ely2hxh/,NaN,0.714,0.286,0.0
t3_b8w5a3,ely2jqg,s0ggyn00dl3,1,2019-04-27 18:36:29,"I don‚Äôt remember what the word limit was, but I typed more than a paragraph and it got me in lol",/r/UIUC/comments/b8w5a3/nugent_hall_llc/ely2jqg/,NaN,0.821,0.179,0.0
t3_bhv2gv,ely2kt1,Dinothegreat86,1,2019-04-27 18:36:52,"Thanks for the update!

To me, that means they don‚Äôt see you as as a threat. If they did, they would try to do some form of settlement and have you sign an NDA so you don‚Äôt talk about this anymore.

Many have already said this, but I think it is worth saying again: you are incredibly brave. I just hope this SOB gets what he deserves and not a get out of jail card (literally).",/r/UIUC/comments/bhv2gv/petry_to_retire_ui_professor_under_investigation/ely2kt1/,NaN,0.765,0.161,0.075
t3_bhwgyz,ely2l8g,iClickerSales,1,2019-04-27 18:37:02,"They ran out this past fall, people had to wait on a shipment to come in a few days into the school year",/r/UIUC/comments/bhwgyz/iclicker_for_sale_40_obo/ely2l8g/,NaN,1.0,0.0,0.0
t3_bi0dwl,ely33n0,rob_s_458,1,2019-04-27 18:43:44,"[Sadly it doesn't look like it, unless they were quicker on the photoshop this year](http://static.news-gazette.com/sites/all/files/imagecache/photogallery_full/images/2019/04/27/0428_spec_maratonRD1360.JPG)

[Full N-G gallery](http://www.news-gazette.com/multimedia/photogallery/2019-04-27/2019-christie-clinic-illinois-marathon)",/r/UIUC/comments/bi0dwl/congratulations_to_all_the_runners_from_todays/ely33n0/,NaN,0.89,0.0,0.11
t3_bi0dwl,ely3a0o,icecoolsushobhan,1,2019-04-27 18:45:59,We will rebuild!,/r/UIUC/comments/bi0dwl/congratulations_to_all_the_runners_from_todays/ely3a0o/,NaN,1.0,0.0,0.0
t3_bi0dwl,ely3ggn,rob_s_458,1,2019-04-27 18:48:17,My knee is killing me but I managed my sub-3:15 goal in my first marathon,/r/UIUC/comments/bi0dwl/congratulations_to_all_the_runners_from_todays/ely3ggn/,NaN,0.828,0.0,0.172
t3_bi3m2q,ely46vl,truebluebarista,1,2019-04-27 18:57:29,glad he can finally be on a winning team,/r/UIUC/comments/bi3m2q/congrats_to_illini_c_nick_allegretti_drafted_by/ely46vl/,NaN,0.484,0.516,0.0
t3_bhv2gv,ely4ogm,mashsm,1,2019-04-27 19:04:17,"My point exactly. üò° Thank you for reporting this behavior and I‚Äôm sorry it doesn‚Äôt seem that they took you seriously. Instead, they continued to put students and their own employees at risk by allowing him to stay until this semester! It‚Äôs sickening really and I‚Äôm pissed! Not only do I think he should be looked at for his criminal acts committed on state property, I think the school should be looked at for allowing this abuse of power to continue for 5-6 more months potentially exposing others to his behavior during their ‚Äúinvestigation.‚Äù I agree that it is their responsibility to make sure that these weren‚Äôt just bogus allegations, but it is also their responsibility to take all allegations seriously and ensure that all students and staff are provided a safe environment, free of predators!",/r/UIUC/comments/bhv2gv/petry_to_retire_ui_professor_under_investigation/ely4ogm/,NaN,0.756,0.127,0.118
t3_bi4mxe,ely5idv,flingleforp,1,2019-04-27 19:15:56,~~watch better anime~~,/r/UIUC/comments/bi4mxe/is_anyone_else_more_hyped_for_attack_on_titan_s3/ely5idv/,NaN,0.408,0.592,0.0
t3_bi4mxe,ely5s5m,chimpfunkz,1,2019-04-27 19:19:43,"No, because the anime is behind the manga so we already know what's happening. 

And no, IMO the story doesn't really get much better.",/r/UIUC/comments/bi4mxe/is_anyone_else_more_hyped_for_attack_on_titan_s3/ely5s5m/,NaN,0.735,0.111,0.154
t3_b8w5a3,ely719y,bookishweirdo,1,2019-04-27 19:37:08,So did I ¬Ø\_(„ÉÑ)_/¬Ø so I guess either works.,/r/UIUC/comments/b8w5a3/nugent_hall_llc/ely719y/,NaN,1.0,0.0,0.0
t3_bi3p2l,ely7wuz,th1sguyaga1n,1,2019-04-27 19:49:31,"Hi, I hope I can help answer this as a current sophomore in CS + Linguistics. First, congratulations! Transferring in is extremely difficult. I would say that CS + Ling students do generally have the same industry skills as CS ENG students, we are all required to take CS 125, 173, 126, 225, 233, 241, 374, and 421, which are the core classes. It can be a little difficult signing up for some of the most desired 400 level electives, but I have not found it too bad. In terms of linguistics, there are not too many required courses that deal solely with linguistics, and so far I have not found them impossible, though I heard Ling 301 can be time-consuming. Hope this helps!",/r/UIUC/comments/bi3p2l/just_got_accepted_to_cs_ling_as_a_transfer_any/ely7wuz/,NaN,0.808,0.126,0.066
t3_bi5ov5,ely877x,Battlefront228,1,2019-04-27 19:53:39,"No, send her to the bookstore to get a new one",/r/UIUC/comments/bi5ov5/student_id/ely877x/,NaN,0.804,0.0,0.196
t3_bi3p2l,ely8gt4,Inkwriter2,1,2019-04-27 19:57:24,"Thanks for replying! I've had experience with struggling to sign up for popular classes, so I guess it won't be too different there. It's good to hear that the ling classes are manageable. I appreciate the comment!",/r/UIUC/comments/bi3p2l/just_got_accepted_to_cs_ling_as_a_transfer_any/ely8gt4/,NaN,0.671,0.266,0.063
t3_bi5ov5,ely926t,mishlc,1,2019-04-27 20:06:02,"It's closed in weekends, she'll need to get a temp",/r/UIUC/comments/bi5ov5/student_id/ely926t/,NaN,1.0,0.0,0.0
t3_bi4vpy,elyad2h,absoluteunimpressed,1,2019-04-27 20:24:39,Just sent you a PM,/r/UIUC/comments/bi4vpy/looking_for_summer_sublease/elyad2h/,NaN,1.0,0.0,0.0
t3_bi53j5,elyak1o,lollapaloozauiuc,1,2019-04-27 20:27:25,"374 will suck

&amp;#x200B;

overall decently easy schedule though in terms of required hours of work

&amp;#x200B;

374 is \~10 hours / week outside of exams

ASTR 100 is \~2 hours / week outside of exams

&amp;#x200B;

other two are in between",/r/UIUC/comments/bi53j5/senior_schedule_for_fall_2019/elyak1o/,NaN,0.868,0.066,0.066
t3_bhz4e2,elydbuz,greentreefrog8,1,2019-04-27 21:07:38,Sorry bro i play violin :/,/r/UIUC/comments/bhz4e2/summer_music_options/elydbuz/,NaN,0.247,0.296,0.457
t3_bi0dwl,elydyw0,AlmostGrad100,1,2019-04-27 21:16:44,The [marathon](https://www.wikipedia.org/wiki/Illinois_Marathon)'s Wikipedia article is so woefully out of date.,/r/UIUC/comments/bi0dwl/congratulations_to_all_the_runners_from_todays/elydyw0/,NaN,0.721,0.0,0.279
t3_bi6chz,elyedl5,Clers,1,2019-04-27 21:22:44,"Im at JSM now. I think they have someone spray something around every once in a while for my unit. I haven't noticed more bugs than usual for a building.  I have seen spiders and a few webs, but never any other bugs (including ants/ladybugs/etc). I guess the spiders are working at keeping the other bugs out because I am too lazy to get to some of the spots that they make their webs.

&amp;#x200B;

I did have a rat in the wall for a week. IDK if it died in my walls or something because it did like to chew on the metal of the power sockets. Either way its gone.",/r/UIUC/comments/bi6chz/201_s_wright_st_jsm/elyedl5/,NaN,0.873,0.029,0.098
t3_bi6chz,elyetuz,gilaisland,1,2019-04-27 21:29:36,oof. thanks for the reply. are you in 201 wright or a different jsm property? (are they all pretty much the same in that regard ..?),/r/UIUC/comments/bi6chz/201_s_wright_st_jsm/elyetuz/,NaN,0.781,0.219,0.0
t3_bhr9k4,elyf2za,mathblog,1,2019-04-27 21:33:15,"Speaking from my unsuccessful experience trying to transfer into CS during my early undergraduate career, I agree with the OP. Because of this common situation, I really encourage people to first research the degrees they want to pursue and have a backup plan if the first choice isn't available.",/r/UIUC/comments/bhr9k4/psa_it_is_difficult_to_transfer_into_cs/elyf2za/,NaN,0.809,0.142,0.048
t3_bi5x1j,elyfogf,cptpark,1,2019-04-27 21:42:06,Looks like Luigi‚Äôs mansion,/r/UIUC/comments/bi5x1j/view_of_the_union_tonight/elyfogf/,NaN,0.545,0.455,0.0
t3_bi0dwl,elyg0ij,icecoolsushobhan,1,2019-04-27 21:47:08,Congratulations! I just did the 10K but my feet have been hurting the whole day too. But I'll be back at it next week!,/r/UIUC/comments/bi0dwl/congratulations_to_all_the_runners_from_todays/elyg0ij/,NaN,0.761,0.089,0.15
t3_bi0dwl,elyg9q2,icecoolsushobhan,1,2019-04-27 21:50:59,"Wow, it's a decade behind. Maybe someone should drop a word to the organizers to see if they can get a few volunteers to update it.",/r/UIUC/comments/bi0dwl/congratulations_to_all_the_runners_from_todays/elyg9q2/,NaN,0.781,0.141,0.078
t3_bi718a,elyi88s,whyizthizzohard,1,2019-04-27 22:20:49,Have you considered Grainger?,/r/UIUC/comments/bi718a/computer_lab_that_is_open_all_night/elyi88s/,NaN,1.0,0.0,0.0
t3_bi5x1j,elyiizu,IlliniGuy2,1,2019-04-27 22:25:20,/r/shittyhdr,/r/UIUC/comments/bi5x1j/view_of_the_union_tonight/elyiizu/,NaN,1.0,0.0,0.0
t3_bi718a,elyija5,uiucstressedout,1,2019-04-27 22:25:27,Are they open 24hrs on weekends? I thought it was only during the week but I also know very little about anything.,/r/UIUC/comments/bi718a/computer_lab_that_is_open_all_night/elyija5/,NaN,1.0,0.0,0.0
t3_bi718a,elyini9,mishlc,1,2019-04-27 22:27:15,Yeah Grainger closes at midnight. If you live in a dorm there should be a computer lab that you can use.,/r/UIUC/comments/bi718a/computer_lab_that_is_open_all_night/elyini9/,NaN,0.891,0.109,0.0
t3_bi4mxe,elyit7h,ConsistentClaim,1,2019-04-27 22:29:40,attack on titan isnt anime it's a slideshow,/r/UIUC/comments/bi4mxe/is_anyone_else_more_hyped_for_attack_on_titan_s3/elyit7h/,NaN,0.659,0.0,0.341
t3_bi718a,elyj5i2,dkline39,1,2019-04-27 22:35:03,Ehall is 24/7,/r/UIUC/comments/bi718a/computer_lab_that_is_open_all_night/elyj5i2/,NaN,1.0,0.0,0.0
t3_bi718a,elyj6c5,whyizthizzohard,1,2019-04-27 22:35:24,Oops I didn't see the tonight part. What the other user said probably then.,/r/UIUC/comments/bi718a/computer_lab_that_is_open_all_night/elyj6c5/,NaN,1.0,0.0,0.0
t3_bi0dwl,elyjc57,MMEnter,1,2019-04-27 22:37:57,"&gt;	for Profit that explains the price.

I wanted to run a half marathon to celebrate my senior years but $70 was a bit much.",/r/UIUC/comments/bi0dwl/congratulations_to_all_the_runners_from_todays/elyjc57/,NaN,0.823,0.177,0.0
t3_bi718a,elyjemy,uiucstressedout,1,2019-04-27 22:39:00,Ha I totally forgot about this. Thanks!,/r/UIUC/comments/bi718a/computer_lab_that_is_open_all_night/elyjemy/,NaN,0.397,0.603,0.0
t3_bi74oa,elyjlx9,Dinothegreat86,1,2019-04-27 22:42:10,I hope he doesn't get to walk away unscathed from this. There need to be consequences for trying to coarse students into having sex with him for an A.,/r/UIUC/comments/bi74oa/per_newsgazette_tomorrow_petry_retired_april_11th/elyjlx9/,NaN,0.903,0.097,0.0
t3_bhtp8r,elyjxkv,Jhohok,1,2019-04-27 22:47:19,"It's definitely possible and up to the course staff. (We do this to some degree in the class I'm TAing.) However, anticipating common errors and writing checks for them is a significant effort compared to simply writing a question and checking the answer. I haven't taken the TAM sequence myself, so I don't know how easy this is to do, but I believe a viable alternative is to break up the question into various sub-questions that ask for the intermediate values in your computation. This way you can more easily tell which step of your computation went wrong.",/r/UIUC/comments/bhtp8r/what_makes_a_good_cbtf_exam/elyjxkv/,NaN,0.826,0.1,0.073
t3_bhnn7n,elykcu4,ThatEconomist,1,2019-04-27 22:54:08,Please update if found :),/r/UIUC/comments/bhnn7n/has_anyone_seen_this_cat_lost_cat/elykcu4/,NaN,0.361,0.639,0.0
t3_bi78ip,elykkjj,MrIllini,1,2019-04-27 22:57:39,what was happening in downtown urbana yesterday?,/r/UIUC/comments/bi78ip/some_pictures_of_campus_and_downtown_urbana_from/elykkjj/,NaN,1.0,0.0,0.0
t3_bhx059,elykssm,dogemaster00,1,2019-04-27 23:01:29,Why is the question so blurry...,/r/UIUC/comments/bhx059/math_415_reax_only/elykssm/,NaN,1.0,0.0,0.0
t3_bhx059,elykv24,rawcomedian,1,2019-04-27 23:02:29,snapchat is instant ramen level quality in terms of meme design,/r/UIUC/comments/bhx059/math_415_reax_only/elykv24/,NaN,1.0,0.0,0.0
t3_bi5x1j,elykwl3,MaiPhet,1,2019-04-27 23:03:11,The skies really looked like that today about ~8pm. Definitely not HDR.,/r/UIUC/comments/bi5x1j/view_of_the_union_tonight/elykwl3/,NaN,0.646,0.354,0.0
t3_bi5058,elyl7ca,shronk-cwonk,1,2019-04-27 23:08:13,Don‚Äôt,/r/UIUC/comments/bi5058/trying_to_take_stat_400_with_ravat/elyl7ca/,NaN,1.0,0.0,0.0
t3_bi78ip,elylask,MaiPhet,1,2019-04-27 23:09:46,"Nice photos, I particularly like #1 and #3.",/r/UIUC/comments/bi78ip/some_pictures_of_campus_and_downtown_urbana_from/elylask/,NaN,0.472,0.528,0.0
t3_bhx059,elylir4,dogemaster00,1,2019-04-27 23:13:27,Why use snapchat for it - something like GIMP or Photoshop is 10x better quality?,/r/UIUC/comments/bhx059/math_415_reax_only/elylir4/,NaN,0.69,0.31,0.0
t3_bhx059,elyljsu,rawcomedian,1,2019-04-27 23:13:56,oh definitely. but is gimp/photoshop available on your phone for free?,/r/UIUC/comments/bhx059/math_415_reax_only/elyljsu/,NaN,0.588,0.412,0.0
t3_bgjo5z,elyln4c,dogemaster00,1,2019-04-27 23:15:24,"&gt; Physics professors are the most strict that I've personally experienced

Professor threw chalk at a guy for talking last semester in PHYS325.",/r/UIUC/comments/bgjo5z/have_you_ever_had_a_professor_go_on_an_angry_rant/elyln4c/,NaN,1.0,0.0,0.0
t3_bhx059,elylqkt,dogemaster00,1,2019-04-27 23:17:00,Also a valid point.,/r/UIUC/comments/bhx059/math_415_reax_only/elylqkt/,NaN,1.0,0.0,0.0
t3_bggzl1,elylv9n,dogemaster00,1,2019-04-27 23:19:10,You need 3 for a conflict,/r/UIUC/comments/bggzl1/taking_2_3_hour_finals_on_the_same_day/elylv9n/,NaN,0.566,0.0,0.434
t3_bi30ut,elylyz9,juscarpediem,1,2019-04-27 23:20:53,"thank you! i didn't find that in my search before, so i'm glad i asked",/r/UIUC/comments/bi30ut/are_there_any_rsos_where_you_can_play_with/elylyz9/,NaN,0.644,0.356,0.0
t3_bi30ut,elym0ed,juscarpediem,1,2019-04-27 23:21:34,"could i dm you questions about it, i have a few?",/r/UIUC/comments/bi30ut/are_there_any_rsos_where_you_can_play_with/elym0ed/,NaN,1.0,0.0,0.0
t3_bi30ut,elym5jd,juscarpediem,1,2019-04-27 23:24:01,"hi! could you tell me how both teachers 4 creatures and 4 paws for ability work? in terms of what happens at meetings, and if theres a schedule posted, and if you have to show up to each and every meeting etc.? 

Also, how feasible and how much of a commitment is the humane society? what kind of volunteer opportunities are there? 

thanks so much for your response (: i appreciate it",/r/UIUC/comments/bi30ut/are_there_any_rsos_where_you_can_play_with/elym5jd/,NaN,0.777,0.223,0.0
t3_bi7gj0,elymhlf,MaxIsAMess,1,2019-04-27 23:29:48,"You can park it at my apartment (The Pointe) for free, it is a little ways away but there‚Äôs shuttle going to and from campus every 30 mins",/r/UIUC/comments/bi7gj0/free_parking_on_or_around_campus/elymhlf/,NaN,0.924,0.076,0.0
t3_bi30ut,elymk98,notopoli,1,2019-04-27 23:31:06,Im not in it. I just happen to know about it. You might be able to contact Amy Fischer from Animal Science. Just look her up under amy fischer uiuc,/r/UIUC/comments/bi30ut/are_there_any_rsos_where_you_can_play_with/elymk98/,NaN,1.0,0.0,0.0
t3_b53xm4,elymkrd,juscarpediem,1,2019-04-27 23:31:20,"Which lecture/section for CS126? (Helpfulness of instructor/TA, grading and curve, difficulty of exams, workload, things like that)",/r/UIUC/comments/b53xm4/fall_2019_schedule_megathread/elymkrd/,NaN,0.754,0.126,0.121
t3_bi5x1j,elymqrl,thebavarianlegend,1,2019-04-27 23:34:09,Maybe it is,/r/UIUC/comments/bi5x1j/view_of_the_union_tonight/elymqrl/,NaN,1.0,0.0,0.0
t3_bi5x1j,elymv8i,IlliniGuy2,1,2019-04-27 23:36:14,lron Man di–µs at the end of –êvengers Œïndgame,/r/UIUC/comments/bi5x1j/view_of_the_union_tonight/elymv8i/,NaN,1.0,0.0,0.0
t3_bi5x1j,elymzaf,LocusSpartan,1,2019-04-27 23:37:54,What was this shot on,/r/UIUC/comments/bi5x1j/view_of_the_union_tonight/elymzaf/,NaN,1.0,0.0,0.0
t3_bi5x1j,elynih1,nerd_14_,1,2019-04-27 23:47:03,iPhone X!,/r/UIUC/comments/bi5x1j/view_of_the_union_tonight/elynih1/,NaN,1.0,0.0,0.0
t3_bhvc5a,elynwv8,Ghost_Flash,1,2019-04-27 23:54:16,"Aww he‚Äôs so cute, I‚Äôm happy he made it back.",/r/UIUC/comments/bhvc5a/tiger_has_been_found/elynwv8/,NaN,0.505,0.495,0.0
t3_bi7eba,elyo9r7,MrIllini,1,2019-04-28 00:00:57,"No UIUC does not take ""sociology"" seriously, however I think few people in general take this ""field of study"" seriously at all. 

&amp;#x200B;

Truth be told most LAS majors spend most of their time being roasted by Engineering and Business majors haha

&amp;#x200B;

Source: I was sociology, hated it+came to realizations, switched my entire thought philosophy, now in MechE, Business Minor",/r/UIUC/comments/bi7eba/how_is_soc_uiuc/elyo9r7/,NaN,0.782,0.123,0.094
t3_bhtp8r,elyod3m,abluedinosaur,1,2019-04-28 00:02:42,"I've wore it and someone only asked me to take it off once. If you're wearing long-sleeve clothing, it won't matter at all.",/r/UIUC/comments/bhtp8r/what_makes_a_good_cbtf_exam/elyod3m/,NaN,0.953,0.0,0.047
t3_bi74oa,elyoeij,MrIllini,1,2019-04-28 00:03:28,"John is your primary concern that if you don't post something Petry related everyother day on here, than everyone will forget about it and it'll blow by.. or does it have something to wanting to feel like some sort of Spartacus, hero in the flesh type of character? 

&amp;#x200B;

Asking for friends",/r/UIUC/comments/bi74oa/per_newsgazette_tomorrow_petry_retired_april_11th/elyoeij/,NaN,0.816,0.151,0.032
t3_bi5ov5,elyoq4i,MrAcurite,1,2019-04-28 00:09:36,"Choose your own adventure!

No. The university will be so angry at them losing their card that they will hire hitmen from [the deepweb : the parking lot behind Arby's : your dad's office] to find her, tie her down, and [skin her with a potato peeler : force her to read grammatically incorrect literature : forcing her to send Endgame spoilers to her friends] before [shooting her : popping a cap in her ass] and dumping her body [in a ravine : in the meat processor at Arby's : back in her dorm].

Or it'll be fine. Whatever.",/r/UIUC/comments/bi5ov5/student_id/elyoq4i/,NaN,0.841,0.042,0.118
t3_bhtp8r,elyou55,abluedinosaur,1,2019-04-28 00:11:47,"I think CS 233 did a good job. I remember one time I took a programming exam for CS 225 and I had one small bug that cost me a lot because either it works or it doesn't for a computer exam. The theory exams were fine.

The ability the retake the exam for most of the credit is really beneficial and made the exam a lot less stressful. Manually grading for partial credit is also important. Having a CA or TA in the room or online to clarify things would be nice. It's really frustrating when you don't understand what the question is trying to ask or it's ambiguous and you can't do anything about it.

Multiple attempts for partial credit is also necessary. They don't let you use your own calculator, which is extremely stupid, so I would be cautious of anything that's calculator heavy (it was really bad for a physics exam since I didn't know how to use their calculators well and they were much worse than mine).

Don't have exams more than one hour (save for finals where there is a set block). I took one that was 90 minutes, and it was really distracting for 10 minutes when the new group of people came in.",/r/UIUC/comments/bhtp8r/what_makes_a_good_cbtf_exam/elyou55/,NaN,0.794,0.113,0.093
t3_bhr9k4,elyowcv,abluedinosaur,1,2019-04-28 00:12:58,It was much easier even two years ago.,/r/UIUC/comments/bhr9k4/psa_it_is_difficult_to_transfer_into_cs/elyowcv/,NaN,0.714,0.286,0.0
t3_bhr9k4,elypb8v,frazerkrane,1,2019-04-28 00:21:19,&gt; but as time goes on it only gets harder.,/r/UIUC/comments/bhr9k4/psa_it_is_difficult_to_transfer_into_cs/elypb8v/,NaN,1.0,0.0,0.0
t3_bi1nri,elypbew,yellowsprinkless,1,2019-04-28 00:21:25,There‚Äôs also a different professor teaching 401 next semester. I‚Äôm not sure if you were still considering but the reviews for that class in the google doc are for the previous professor.,/r/UIUC/comments/bi1nri/mcb_advanced_courses/elypbew/,NaN,0.953,0.0,0.047
t3_bhz4e2,elypmla,StripelessZebra,1,2019-04-28 00:27:41,"If you like jazz then theres a few jamming sessions that happen every week, notabley at the iron post and boomerangs.",/r/UIUC/comments/bhz4e2/summer_music_options/elypmla/,NaN,0.884,0.116,0.0
t3_bi74oa,elyppy0,Battlefront228,1,2019-04-28 00:29:35,What consequences would you assign to a guy for an internal violation that he never followed through with (that we know of) who will likely never work in academia again? It‚Äôs not illegal to ask someone to have sex with you.,/r/UIUC/comments/bi74oa/per_newsgazette_tomorrow_petry_retired_april_11th/elyppy0/,NaN,0.861,0.066,0.073
t3_bi4mxe,elyprsz,Skorpion2425,1,2019-04-28 00:30:39,"No, GOT all the way",/r/UIUC/comments/bi4mxe/is_anyone_else_more_hyped_for_attack_on_titan_s3/elyprsz/,NaN,0.645,0.0,0.355
t3_bhgy17,elypxai,lollapaloozauiuc,1,2019-04-28 00:33:48,i mean if you know the content like the back of your hand then write the question on a paper and solve it you shouldn't care about the choices,/r/UIUC/comments/bhgy17/the_absurd_way_andino_is_destroying_my_gpa/elypxai/,NaN,0.694,0.226,0.079
t3_bi7eba,elyq7m1,uiucreddithrowaway,1,2019-04-28 00:39:41,"&gt; I was sociology, hated it+came to realizations, switched my entire thought philosophy, now in MechE, Business Minor

Yeah, okay buddy. That's why your post history shows you're a freshman in Gies asking about what business classes to take? Stop lying bro",/r/UIUC/comments/bi7eba/how_is_soc_uiuc/elyq7m1/,NaN,0.716,0.084,0.2
t3_bi7eba,elyqmea,JonathanSKent,1,2019-04-28 00:48:28,"UIUC is, obviously, not on the Ivy level. But the LAS school is damn good, and offers a pretty deep pool of coursework and well qualified professors.

You'll also get out of it what you put in. Ask good questions, talk to smart people, work on research, and you'll do just fine.",/r/UIUC/comments/bi7eba/how_is_soc_uiuc/elyqmea/,NaN,0.706,0.25,0.043
t3_bi4bt2,elyqo51,JonathanSKent,1,2019-04-28 00:49:29,"Why, precisely, do you want to prof out of a half semester class?",/r/UIUC/comments/bi4bt2/phys_214_proficiency/elyqo51/,NaN,0.894,0.106,0.0
t3_bi74oa,elyqz4z,Saintsfan_9,1,2019-04-28 00:56:05,It‚Äôs not illegal to ask someone for sex but it is illegal to bribe someone using their grade for sex.,/r/UIUC/comments/bi74oa/per_newsgazette_tomorrow_petry_retired_april_11th/elyqz4z/,NaN,0.679,0.233,0.088
t3_bi74oa,elyr26k,Battlefront228,1,2019-04-28 00:57:58,"Is it? It‚Äôs illegal to pay money to solicit sex, but it‚Äôs not illegal to offer a favor in exchange for sex to my knowledge. Grades aren‚Äôt really acknowledged in the legal code from what I‚Äôve seen",/r/UIUC/comments/bi74oa/per_newsgazette_tomorrow_petry_retired_april_11th/elyr26k/,NaN,0.694,0.119,0.188
t3_bi8aew,elyro0e,rustedsaber,1,2019-04-28 01:11:35,I hear that too. Its kind of getting on my nerves a bit now. :/,/r/UIUC/comments/bi8aew/are_those_monster_trucks_i_hear/elyro0e/,NaN,0.743,0.0,0.257
t3_bi8aew,elyrpcw,ConTron44,1,2019-04-28 01:12:26,"Seems like you have scared them off, good work. Rest easy rustedsaber.",/r/UIUC/comments/bi8aew/are_those_monster_trucks_i_hear/elyrpcw/,NaN,0.417,0.432,0.151
t3_bi8ghz,elyt3n5,PattakaK,1,2019-04-28 01:45:17,Bus drivers are probably trained to look for people running so that they can close the doors right on time.,/r/UIUC/comments/bi8ghz/when_the_bus_starts_to_roll_away_as_youre_running/elyt3n5/,NaN,1.0,0.0,0.0
t3_bi8aew,elytaf6,itazurakko,1,2019-04-28 01:49:49,"Hearing racing car(?) revving noise from east of downtown Urbana too, but the fairgrounds page doesn't seem to have any events listed (not sure it's up to date though).",/r/UIUC/comments/bi8aew/are_those_monster_trucks_i_hear/elytaf6/,NaN,0.905,0.095,0.0
t3_bi3p2l,elyul8f,lednakashim,1,2019-04-28 02:22:25,Don't take more than 2 technical classes your first semester.,/r/UIUC/comments/bi3p2l/just_got_accepted_to_cs_ling_as_a_transfer_any/elyul8f/,NaN,1.0,0.0,0.0
t3_bhulo5,elyvn8l,Patahoenia,1,2019-04-28 02:49:45,Your life must fucking suck,/r/UIUC/comments/bhulo5/fuck_chapagn_gaign/elyvn8l/,NaN,0.556,0.0,0.444
t3_bi8ulz,elyw8g5,orangepuppy8,1,2019-04-28 03:05:54,i am confusion,/r/UIUC/comments/bi8ulz/funny_meme_i_saw_on_twitter/elyw8g5/,NaN,0.312,0.0,0.688
t3_bi7eba,elywcmn,Cjcager2,1,2019-04-28 03:09:12,"My second major was sociology, I had a good experience overall. If you have any questions specifically, feel free to DM me.",/r/UIUC/comments/bi7eba/how_is_soc_uiuc/elywcmn/,NaN,0.744,0.256,0.0
t3_bi5x1j,elywtn1,Cudi420,1,2019-04-28 03:22:36,That guy has some nice pics on his profile. Don‚Äôt see why you have to be a dick about it lol,/r/UIUC/comments/bi5x1j/view_of_the_union_tonight/elywtn1/,NaN,0.656,0.216,0.127
t3_bi7gj0,elyww4d,qball97,1,2019-04-28 03:24:37,Thank you!,/r/UIUC/comments/bi7gj0/free_parking_on_or_around_campus/elyww4d/,NaN,0.264,0.736,0.0
t3_bi8ulz,elywymt,Rude_Duck,1,2019-04-28 03:26:36,"I think you confused reddit to your friend's group chat, if you are in any that is. Still, this doesn't look okay.",/r/UIUC/comments/bi8ulz/funny_meme_i_saw_on_twitter/elywymt/,NaN,0.827,0.0,0.173
t3_bi8yp5,elyx9mi,Battlefront228,1,2019-04-28 03:35:13,"Whose to say he doesn‚Äôt. Gay doesn‚Äôt have a look, even the manliest man can enjoy sucking cocks if that‚Äôs how he was made.",/r/UIUC/comments/bi8yp5/upvote_if_suburban_express_should_go_suck_a_fat/elyx9mi/,NaN,0.873,0.127,0.0
t3_bhti2h,elyy5pn,jsmosby,1,2019-04-28 04:01:24,"Yes, and it‚Äôs  even worse than that.   His defense team screwed up when procuring the third mental health expert needed to examine him.  That expert told them he couldn‚Äôt be ready for an April trial, and would not be ready until October.  Rather than finding a new expert, they assured that one that the trial would be pushed back to October.  When Shadid refused to delay the trial that far, the expert quit, leaving them scrambling to find a replacement.  The entire reason Shadid delayed it to June was so they would have enough time to get a new expert to perform examinations needed for his mental health defense..... a defense he now will no longer use.",/r/UIUC/comments/bhti2h/christensens_lawyers_say_hes_abandoning/elyy5pn/,NaN,0.782,0.102,0.115
t3_bi0dwl,elyz55g,supreme-dominar,1,2019-04-28 04:30:35,"Prices look comparable to the Indy, Madison, and St. Louis marathons, and cheaper than the Chicago one. I think it just comes down to how much you really want to do it.",/r/UIUC/comments/bi0dwl/congratulations_to_all_the_runners_from_todays/elyz55g/,NaN,0.95,0.05,0.0
t3_bhwb0p,elyznkh,UIUCFreshSoph,1,2019-04-28 04:45:47,Rather sell it to someone else for that price,/r/UIUC/comments/bhwb0p/selling_iclicker2/elyznkh/,NaN,1.0,0.0,0.0
t3_bhwgyz,elz1qh2,ra3xgambit,1,2019-04-28 05:45:11,Your horn can click the sky.,/r/UIUC/comments/bhwgyz/iclicker_for_sale_40_obo/elz1qh2/,NaN,1.0,0.0,0.0
t3_bi9t9q,elz39yn,ra3xgambit,1,2019-04-28 06:25:29,Necesito permiso.,/r/UIUC/comments/bi9t9q/hablantes_de_herencia_de_uiuc/elz39yn/,NaN,1.0,0.0,0.0
t3_bi9t9q,elz3uia,LeoDGTV,1,2019-04-28 06:38:57,¬°Lo siento! He cambiado los permisos ahora,/r/UIUC/comments/bi9t9q/hablantes_de_herencia_de_uiuc/elz3uia/,NaN,1.0,0.0,0.0
t3_bi74oa,elz52lo,AlmostGrad100,1,2019-04-28 07:05:36,"Here is the [pertinent law](http://www.ilga.gov/legislation/ilcs/ilcs4.asp?DocName=072000050HArt%2E+11+Subdiv%2E+15&amp;ActID=1876&amp;ChapterID=53&amp;SeqStart=17300000&amp;SeqEnd=19000000):

&gt;(720 ILCS 5/11-14.1)
    
&gt;Sec. 11-14.1. Solicitation of a sexual act.

&gt;(a) Any person who offers a person not his or her spouse any money, property, token, object, or article or **anything of value** (emphasis mine) for that person or any other person not his or her spouse to perform any act of sexual penetration as defined in Section 11-0.1 of this Code, or any touching or fondling of the sex organs of one person by another person for the purpose of sexual arousal or gratification, commits solicitation of a sexual act.

Petry offered an A+ in the class in exchange for sex. A grade boost is of value to the student.",/r/UIUC/comments/bi74oa/per_newsgazette_tomorrow_petry_retired_april_11th/elz52lo/,NaN,0.925,0.075,0.0
t3_bi0dwl,elz58ye,AlmostGrad100,1,2019-04-28 07:09:23,You can edit the article yourself. The organizers have a conflict of interest and [Wikipedia strongly discourages conflict of interest editing](https://en.wikipedia.org/wiki/Wikipedia:Conflict_of_interest).,/r/UIUC/comments/bi0dwl/congratulations_to_all_the_runners_from_todays/elz58ye/,NaN,0.473,0.274,0.253
t3_bi8aew,elz7e1s,android_throw_fun,1,2019-04-28 07:46:28,https://demolitionderbylife.com/events/event/spring-explosion/,/r/UIUC/comments/bi8aew/are_those_monster_trucks_i_hear/elz7e1s/,NaN,1.0,0.0,0.0
t3_bianyq,elz7xc4,JohnBambenek,1,2019-04-28 07:54:40,"Key parts of that article:

The University DID agree to drop the investigation for his resignation. They know want to reneg on that agreement.

The University knew of the complaint in the fall, but still kept him in the classroom to start the semester throwing a class of over 1,000 in the lurch. The should have taken how out late fall or during intersession so another professor could have been found.",/r/UIUC/comments/bianyq/emails_professor_petrys_absence_created_stir_at_ui/elz7xc4/,NaN,0.868,0.068,0.064
t3_bi8ghz,elz81a3,AlmostGrad100,1,2019-04-28 07:56:13,Running after buses is how I get my cardio.,/r/UIUC/comments/bi8ghz/when_the_bus_starts_to_roll_away_as_youre_running/elz81a3/,NaN,1.0,0.0,0.0
t3_bi74oa,elzam1e,Ruriks-Keep,1,2019-04-28 08:34:22,He did offer money as well as the grades FYI,/r/UIUC/comments/bi74oa/per_newsgazette_tomorrow_petry_retired_april_11th/elzam1e/,NaN,0.633,0.367,0.0
t3_bianyq,elzb01j,imtherealistonhere,1,2019-04-28 08:39:57,This entire situation is sad.,/r/UIUC/comments/bianyq/emails_professor_petrys_absence_created_stir_at_ui/elzb01j/,NaN,0.563,0.0,0.437
t3_bi9t9q,elzc7gh,ObeseJayCutler,1,2019-04-28 08:56:27,"Ning√∫n problema, ahorita lo llen√≥.",/r/UIUC/comments/bi9t9q/hablantes_de_herencia_de_uiuc/elzc7gh/,NaN,1.0,0.0,0.0
t3_bi9t9q,elzca04,LeoDGTV,1,2019-04-28 08:57:23,¬°Gracias!,/r/UIUC/comments/bi9t9q/hablantes_de_herencia_de_uiuc/elzca04/,NaN,1.0,0.0,0.0
t3_bi74oa,elzcbi1,JohnBambenek,1,2019-04-28 08:57:56,Official Misconduct also applies. Arguably bribery.,/r/UIUC/comments/bi74oa/per_newsgazette_tomorrow_petry_retired_april_11th/elzcbi1/,NaN,0.714,0.0,0.286
t3_bi9t9q,elzcepa,SciFiShroom,1,2019-04-28 08:59:08,"Cuando dices 'dialecto del espa√±ol', ¬øte refieres a la pronunciaci√≥n / jerga / expresiones de una regi√≥n (i.e M√©xico del centro vs. M√©xico del norte), o a dialectos gram√°ticos (Castellano en Espa√±a vs. Espa√±ol de latinoam√©rica) ?",/r/UIUC/comments/bi9t9q/hablantes_de_herencia_de_uiuc/elzcepa/,NaN,1.0,0.0,0.0
t3_bi9t9q,elzcx09,LeoDGTV,1,2019-04-28 09:06:07,"Refiero a la pronunciaci√≥n y jerga generalmente. Es m√°s especifico a un cierto regi√≥n, pa√≠s, o comunidad",/r/UIUC/comments/bi9t9q/hablantes_de_herencia_de_uiuc/elzcx09/,NaN,1.0,0.0,0.0
t3_bi4bt2,elzdrbh,Linkinvers,1,2019-04-28 09:17:24,"The [class webpage for previous exams](https://courses.physics.illinois.edu/phys214/sp2019/practice/exam2.html) is pretty good. You can also go through the book or old lecture slides.

When I took it, it was the exact same as the final. As usual, 80% cutoff for credit. Not bad imo if you understand the material.",/r/UIUC/comments/bi4bt2/phys_214_proficiency/elzdrbh/,NaN,0.78,0.22,0.0
t3_bi6chz,elzdxxu,Clers,1,2019-04-28 09:19:40,I am not in 201 wright. I think this is pretty normal for anywhere I have ever lived or been tbh.,/r/UIUC/comments/bi6chz/201_s_wright_st_jsm/elzdxxu/,NaN,0.842,0.158,0.0
t3_bi3m2q,elzepqj,brownsatin,1,2019-04-28 09:29:08,"Dang. Went to high school with this guy. I always remember him being a stand up guy. Good on you, Nick!",/r/UIUC/comments/bi3m2q/congrats_to_illini_c_nick_allegretti_drafted_by/elzepqj/,NaN,0.849,0.151,0.0
t3_bi0dwl,elzeqve,Floss-Boss,1,2019-04-28 09:29:31,:))),/r/UIUC/comments/bi0dwl/congratulations_to_all_the_runners_from_todays/elzeqve/,NaN,1.0,0.0,0.0
t3_bi4bt2,elzf8ve,Goavengers,1,2019-04-28 09:35:37,"I am graduating next semester (I know, I procrastinates till the end of the year) and taking 214 will just make my life more miserable..",/r/UIUC/comments/bi4bt2/phys_214_proficiency/elzf8ve/,NaN,1.0,0.0,0.0
t3_bi4bt2,elzfdwh,Goavengers,1,2019-04-28 09:37:18,"Thanks! I‚Äôve gone through the class exams and been wondering if any concepts that are not on lecture slides will be on the test? (Like refraction) Also, cutoff is 80% not 850%?",/r/UIUC/comments/bi4bt2/phys_214_proficiency/elzfdwh/,NaN,0.897,0.103,0.0
t3_bbg99h,elzfqz3,whiteowl725,1,2019-04-28 09:41:53,I wasn‚Äôt a student but also had a very brief relationship with him. We also met on SA. Initially we agreed on no sex. I always got a creepy vibe from him but thought it was just because I had never been in a SD/SB relationship before and still wasn‚Äôt sure how I felt about it. A few weeks into the relationship he asked for sex and it didn‚Äôt feel right. I broke it off before we ever actually had sex. But his texts and comments were uncomfortable. I‚Äôm sorry you‚Äôve gone through this. I‚Äôm glad he finally got caught because I suspected he was doing this with students.,/r/UIUC/comments/bbg99h/answered_where_is_petry/elzfqz3/,NaN,0.794,0.085,0.121
t3_bi8aew,elzfu57,ConTron44,1,2019-04-28 09:42:59,"Nice, thanks for the info!",/r/UIUC/comments/bi8aew/are_those_monster_trucks_i_hear/elzfu57/,NaN,0.334,0.666,0.0
t3_biazp2,elzgxc7,UnclePutin,1,2019-04-28 09:56:31,"I want to be clear that it is absolutely ridiculous that this poor woman isn't able to afford health insurance. I also think that it's sad when someone has to work two full time jobs to scrape by, but to be honest her specific situation is kind of her own fault. She decided to have 4 kids when she wasn't financially stable and now she's suffering from the after effects. Kids are expensive, and she could not afford to have them. 

This is why it's critically important to not have kids if you cannot afford to take care of them. If you don't watch out for that, you'll be stuck in her position for the next 18 something years because you can't afford to feed that many mouths.",/r/UIUC/comments/biazp2/for_many_in_champaign_county_one_fulltime_job/elzgxc7/,NaN,0.781,0.091,0.128
t3_bi4bt2,elzis6o,Linkinvers,1,2019-04-28 10:19:07,"I can't recall any questions that were not covered on previous exams or in lecture slides to some degree. Refractive index may have been touched on, but it was also in previous exams iirc. According to the email that Long sends out before exams, cutoff is indeed 80%, unless they changed it this semester.",/r/UIUC/comments/bi4bt2/phys_214_proficiency/elzis6o/,NaN,1.0,0.0,0.0
t3_biazp2,elzj7ts,AlmostGrad100,1,2019-04-28 10:24:28,"Yes, the poor shouldn't have children. They first need to bootstrap themselves out of poverty.",/r/UIUC/comments/biazp2/for_many_in_champaign_county_one_fulltime_job/elzj7ts/,NaN,0.569,0.128,0.303
t3_biazp2,elzkfuc,IlliniGuy2,1,2019-04-28 10:39:14,They shouldn‚Äôt have 4 children.,/r/UIUC/comments/biazp2/for_many_in_champaign_county_one_fulltime_job/elzkfuc/,NaN,1.0,0.0,0.0
t3_ann2nk,elzkxgh,innerpartysystem1234,1,2019-04-28 10:45:04,recruitment normally starts in the beginning of the fall semester for juniors/seniors and later in the fall for sophomores. I also highly recommend taking BADM 359 Spring 2020,/r/UIUC/comments/ann2nk/how_to_join_illinois_consulting_academy/elzkxgh/,NaN,0.903,0.097,0.0
t3_biazp2,elzlkb8,AlmostGrad100,1,2019-04-28 10:52:50,"Right, they should be sterilized after 3 children unless they have managed to get out of poverty by then.",/r/UIUC/comments/biazp2/for_many_in_champaign_county_one_fulltime_job/elzlkb8/,NaN,0.837,0.0,0.163
t3_biazp2,elzmi96,IlliniGuy2,1,2019-04-28 11:03:46,"Or you could just have 1-2 kids and use birth control. 

People can do whatever they want, but it‚Äôs a good suggestion for their personal finance.",/r/UIUC/comments/biazp2/for_many_in_champaign_county_one_fulltime_job/elzmi96/,NaN,0.821,0.179,0.0
t3_bi30ut,elzn1lx,actual-trash,1,2019-04-28 11:09:55,"I have never participated directly in either club, but I'll give you the run down of what I know.   


Teachers 4 Creatures is a service club which teaches the community more about companion animal issues. An example of this is their last event. They went to a local elementary school and taught about proper etiquette around dogs. I mentioned this group specifically because some members will bring their pets to general meetings. I believe that Teachers 4 Creatures is rather low-key, but as with any RSO, you get out of it what you put in. Here's their facebook: [https://www.facebook.com/teachers4creatures](https://www.facebook.com/teachers4creatures)  


4 Paws for Ability is originally a non-profit, service dog agency based in OH. College chapters around the US are given dogs to train and raise to be service dogs! Members who have been in the club for a long period of time and completed the necessary training will be responsible for fostering the dog while other members will help train and learn more about service dogs. I believe 4 Paws for Ability requires more commitment because training service dogs is a serious thing. Here's their facebook: [https://www.facebook.com/4PawsUIUC/](https://www.facebook.com/4PawsUIUC/)  


Lastly, volunteering for the Champaign County Humane Society! This would be your best way of spending time with dogs, but it would also be your biggest time commitment (I think?). CCHS requires that volunteers commit to working a minimum of 4 months of service and volunteer at least 3 hours per week (if more convenient, you can literally volunteer an hour a day or whatever). You obviously have to apply to be a volunteer and then attend a monthly orientation. I think the best position for you would be a dog socialization volunteer! Also if you don't drive, there is a bus that will take you near the center. I know some of the volunteers and staff who work there, and everyone is really amazing. So if you have the time, I'd recommend you try it out! [http://www.cuhumane.org/Volunteer/InformationOpportunities.aspx](http://www.cuhumane.org/Volunteer/InformationOpportunities.aspx)",/r/UIUC/comments/bi30ut/are_there_any_rsos_where_you_can_play_with/elzn1lx/,NaN,0.859,0.137,0.004
t3_biazp2,elznfxf,UnclePutin,1,2019-04-28 11:14:20,Well step number one in getting out of poverty is not having so many kids that you're guaranteeing your poverty.,/r/UIUC/comments/biazp2/for_many_in_champaign_county_one_fulltime_job/elznfxf/,NaN,0.615,0.131,0.254
t3_bicrqp,elznkkh,Styleboym,1,2019-04-28 11:15:40,"If I am not wrong, last year:
They either had one of those mobile scanners or
They were just checking ICards but they did not have an IKE computer.",/r/UIUC/comments/bicrqp/just_curiousspring_jam/elznkkh/,NaN,0.938,0.062,0.0
t3_bi9t9q,elznxb7,Publicfalsher,1,2019-04-28 11:19:35,Arre macho ya est√° :v,/r/UIUC/comments/bi9t9q/hablantes_de_herencia_de_uiuc/elznxb7/,NaN,1.0,0.0,0.0
t3_bicm39,elzo1cx,gamera72,1,2019-04-28 11:20:48,"When it originally opened in 1991, they did brew beer. Bill the Brewer (who now brews for Blind Pig Brewery) was the Brewer. (His name of the phone list was Bill the Brewer.) 

There was a Pale Ale that was always on tap and then the other would rotate seasonally. I remember a porter and a summer wheat specifically. Maybe an oatmeal stout?

As they added the patio on the west side for more tables and so on, I think they just got away from brewing beer themselves. Honestly, the in-house beers were not much of a draw on campus even in the first year. But I do remember a Herpetology conference that showed up in masse summer of 1992 when I was the only server on staff. That was a crazy day and they ALL wanted our in-house brews. 

Source: I was hired when they first opened and worked as a server the first year (August 91-92).",/r/UIUC/comments/bicm39/why_is_it_called_joes_brewery_if_it_doesnt_brew/elzo1cx/,NaN,0.935,0.031,0.034
t3_bhdw8j,elzp1d9,ktnli,1,2019-04-28 11:32:13,Is there any stores similar to artbox around? I always wanted to go in there but never did. :(,/r/UIUC/comments/bhdw8j/where_do_u_buy_cute_umbrellas/elzp1d9/,NaN,0.845,0.155,0.0
t3_bicm39,elzpez8,blake1120,1,2019-04-28 11:36:35,Wow.  Expert answer.,/r/UIUC/comments/bicm39/why_is_it_called_joes_brewery_if_it_doesnt_brew/elzpez8/,NaN,0.345,0.655,0.0
t3_bi7gj0,elzpl4e,DrFredNES,1,2019-04-28 11:38:33,"There is no free parking on campus, except for certain University lots after 5 but only until 2 am.",/r/UIUC/comments/bi7gj0/free_parking_on_or_around_campus/elzpl4e/,NaN,0.725,0.192,0.083
t3_bi8yp5,elzpsfv,eadala,1,2019-04-28 11:40:55,You're up against like 200 Dennis accounts downvoting you. Godspeed,/r/UIUC/comments/bi8yp5/upvote_if_suburban_express_should_go_suck_a_fat/elzpsfv/,NaN,0.783,0.217,0.0
t3_bib6tf,elzpx4m,theillini19,1,2019-04-28 11:42:26,*Grainger Computer Science,/r/UIUC/comments/bib6tf/people_trying_to_transfer_into_cs/elzpx4m/,NaN,1.0,0.0,0.0
t3_bi3m2q,elzpz0i,638294,1,2019-04-28 11:43:03,Chiefs have issues drafting quality men off the field. He‚Äôs a stand up guy but I hope he doesn‚Äôt get cut for a skills position player.,/r/UIUC/comments/bi3m2q/congrats_to_illini_c_nick_allegretti_drafted_by/elzpz0i/,NaN,0.764,0.14,0.096
t3_bicvmz,elzqkqu,gamera72,1,2019-04-28 11:50:21,"Not sure how high-end you are looking for, but most high-end spots here tend to be small so they don‚Äôt advertise a lot of jobs, they recruit (in my limited experience watching friends move from place to place).

Lots of opportunity to do your own thing. For example, Thad Morrow opened up Bacaro years ago, sold it. (Closed now.) Now he is the chef at Naya on campus after working for Blue Apron in NY for a while. Naya is owned by the same people who own Miga and Sakanaya in town. All are small intimate places. 

Another example that is less high end, dude helped open Black Dog, then worked at Bacaro for a while, then helped open Watson‚Äôs. Now he‚Äôs back at Black Dog I think. 

So lots of options, probably less high-end than you are looking for. Strong social networks as people move from place to place depending on interest, etc.  

There‚Äôs an informal drinking frat founded decades ago called Pi Omega Omega (POO) and is still mostly composed of service industry people so lots of kitchen staff from all over town hang out and share openings with each other, etc. 

Food trucks are picking up here and some end up moving to brick and mortar (Cracked, Fernando‚Äôs, Caribbean Grill) which is another option if you don‚Äôt find something that appeals to you. You can do your own thing. 

Another thing to look at are potential places opening up. Some aren‚Äôt even built yet, but Ko-Fusion is moving, expanding. Farren‚Äôs is a popular burger joint but the owner used to manager Silvercreek and they are moving into a place that just closed with a cocktail lounge bar set up. Not sure what the revamp will be but places like that are also options of new ideas. 

Plus a college town like this has lots of niches like catering and event-driven receptions/tailgating/concerts so that is something that would be unadvertised too. 

You can google most of these places too if you want to see the spaces and menus. 

Good luck! 

There are some local service industry people on Reddit so hopefully someone else will chime in.",/r/UIUC/comments/bicvmz/job_market_in_the_culinary_industry/elzqkqu/,NaN,0.863,0.121,0.016
t3_bicvmz,elzr6vw,RoyalBlueMoose,1,2019-04-28 11:57:50,"I've done all variety of cooking in my career from casual french bistro, bbq (I was the sous at one of the top rated joints in KC), high end seafood, catering, and now I'm at a hospital as the exec.

I'm down to do just about anything *except* open my own place since I'll only be in town a couple years and financial constraints.

I'll poke around and check some of the places you mentioned. When we visited a couple months ago we fell in love with Black Dog and Destihl, I'd happily work for either of them if a leadership role were open. I've also applied to be the Director of Culinary Services at the UofI, and would move earlier than we planned for the right job.",/r/UIUC/comments/bicvmz/job_market_in_the_culinary_industry/elzr6vw/,NaN,0.913,0.087,0.0
t3_bi7eba,elzrcea,Richie77727,1,2019-04-28 11:59:37,"UIUC is broadly a very good school.  No matter what you end up coming here for and graduating with, if you put in the effort you'll have gotten a very high quality education.",/r/UIUC/comments/bi7eba/how_is_soc_uiuc/elzrcea/,NaN,0.806,0.124,0.071
t3_bhr9k4,elztf4j,jeffgerickson,1,2019-04-28 12:23:29,"&gt;mainly cause it's CS majors tryna gatekeep

Nope.",/r/UIUC/comments/bhr9k4/psa_it_is_difficult_to_transfer_into_cs/elztf4j/,NaN,1.0,0.0,0.0
t3_biazp2,elzu5k7,Beake,1,2019-04-28 12:31:40,"If I'm interpreting your post correctly, you seem to suggest that women who have 4 children deserve to live in poverty because 

\&gt;The state should not be responsible for people's bad financial decisions.

Regardless of how you choose to rationalize it, it is a very sad, very grim, very uncompassionate world you would have us live in.",/r/UIUC/comments/biazp2/for_many_in_champaign_county_one_fulltime_job/elzu5k7/,NaN,0.753,0.0,0.247
t3_biazp2,elzucjc,Beake,1,2019-04-28 12:33:53,"&gt; Or they could just have 1-2 kids and use birth control. 

In America, access to birth control is tied to healthcare access.",/r/UIUC/comments/biazp2/for_many_in_champaign_county_one_fulltime_job/elzucjc/,NaN,1.0,0.0,0.0
t3_bib6tf,elzul5n,bisbyx,1,2019-04-28 12:36:38,Just do what I did. Get an ECE degree then get a job doing programming.,/r/UIUC/comments/bib6tf/people_trying_to_transfer_into_cs/elzul5n/,NaN,1.0,0.0,0.0
